-- phpMyAdmin SQL Dump
-- version 4.6.5.2
-- https://www.phpmyadmin.net/
--
-- Host: 127.0.0.1
-- Generation Time: Feb 16, 2017 at 04:37 AM
-- Server version: 10.1.21-MariaDB
-- PHP Version: 5.6.30

SET SQL_MODE = "NO_AUTO_VALUE_ON_ZERO";
SET time_zone = "+00:00";


/*!40101 SET @OLD_CHARACTER_SET_CLIENT=@@CHARACTER_SET_CLIENT */;
/*!40101 SET @OLD_CHARACTER_SET_RESULTS=@@CHARACTER_SET_RESULTS */;
/*!40101 SET @OLD_COLLATION_CONNECTION=@@COLLATION_CONNECTION */;
/*!40101 SET NAMES utf8mb4 */;

--
-- Database: `db_belajar`
--

-- --------------------------------------------------------

--
-- Table structure for table `kategoris`
--

CREATE TABLE `kategoris` (
  `id` int(10) UNSIGNED NOT NULL,
  `created_at` timestamp NULL DEFAULT NULL,
  `updated_at` timestamp NULL DEFAULT NULL
) ENGINE=InnoDB DEFAULT CHARSET=utf8mb4 COLLATE=utf8mb4_unicode_ci;

-- --------------------------------------------------------

--
-- Table structure for table `migrations`
--

CREATE TABLE `migrations` (
  `id` int(10) UNSIGNED NOT NULL,
  `migration` varchar(255) COLLATE utf8mb4_unicode_ci NOT NULL,
  `batch` int(11) NOT NULL
) ENGINE=InnoDB DEFAULT CHARSET=utf8mb4 COLLATE=utf8mb4_unicode_ci;

--
-- Dumping data for table `migrations`
--

INSERT INTO `migrations` (`id`, `migration`, `batch`) VALUES
(3, '2014_10_12_000000_create_users_table', 1),
(4, '2014_10_12_100000_create_password_resets_table', 1),
(5, '2017_02_09_040215_buat_table', 2),
(13, '2017_02_10_032716_create_produks_table', 3),
(14, '2017_02_10_065916_create_kategoris_table', 3),
(15, '2017_02_14_014341_create_profils_table', 3),
(17, '2017_02_14_024110_create_orders_table', 4),
(20, '2017_02_14_041043_orderlists', 5);

-- --------------------------------------------------------

--
-- Table structure for table `orderlists`
--

CREATE TABLE `orderlists` (
  `produk_id` int(10) UNSIGNED DEFAULT NULL,
  `order_id` int(10) UNSIGNED DEFAULT NULL,
  `jumlah` int(11) NOT NULL DEFAULT '0',
  `created_at` timestamp NULL DEFAULT NULL,
  `updated_at` timestamp NULL DEFAULT NULL,
  `deleted_at` timestamp NULL DEFAULT NULL
) ENGINE=InnoDB DEFAULT CHARSET=utf8mb4 COLLATE=utf8mb4_unicode_ci;

--
-- Dumping data for table `orderlists`
--

INSERT INTO `orderlists` (`produk_id`, `order_id`, `jumlah`, `created_at`, `updated_at`, `deleted_at`) VALUES
(4, 36, 6, NULL, NULL, NULL),
(342, 128, 4, NULL, NULL, NULL),
(43, 147, 6, NULL, NULL, NULL),
(343, 151, 3, NULL, NULL, NULL),
(322, 123, 3, NULL, NULL, NULL),
(4, 151, 1, NULL, NULL, NULL),
(61, 58, 6, NULL, NULL, NULL),
(189, 72, 7, NULL, NULL, NULL),
(342, 161, 7, NULL, NULL, NULL),
(64, 160, 6, NULL, NULL, NULL),
(267, 132, 2, NULL, NULL, NULL),
(19, 4, 3, NULL, NULL, NULL),
(59, 83, 8, NULL, NULL, NULL),
(155, 45, 9, NULL, NULL, NULL),
(260, 113, 8, NULL, NULL, NULL),
(219, 141, 2, NULL, NULL, NULL),
(84, 121, 6, NULL, NULL, NULL),
(71, 103, 2, NULL, NULL, NULL),
(14, 31, 0, NULL, NULL, NULL),
(38, 165, 3, NULL, NULL, NULL),
(260, 25, 6, NULL, NULL, NULL),
(106, 148, 2, NULL, NULL, NULL),
(9, 32, 8, NULL, NULL, NULL),
(234, 15, 3, NULL, NULL, NULL),
(220, 156, 5, NULL, NULL, NULL),
(214, 50, 9, NULL, NULL, NULL),
(144, 71, 2, NULL, NULL, NULL),
(24, 67, 4, NULL, NULL, NULL),
(268, 27, 2, NULL, NULL, NULL),
(66, 33, 3, NULL, NULL, NULL),
(295, 12, 1, NULL, NULL, NULL),
(15, 54, 5, NULL, NULL, NULL),
(138, 157, 9, NULL, NULL, NULL),
(159, 13, 4, NULL, NULL, NULL),
(20, 30, 0, NULL, NULL, NULL),
(1, 84, 1, NULL, NULL, NULL),
(15, 132, 3, NULL, NULL, NULL),
(380, 45, 7, NULL, NULL, NULL),
(178, 32, 9, NULL, NULL, NULL),
(394, 73, 0, NULL, NULL, NULL),
(89, 2, 6, NULL, NULL, NULL),
(189, 84, 8, NULL, NULL, NULL),
(128, 31, 4, NULL, NULL, NULL),
(39, 125, 2, NULL, NULL, NULL),
(15, 110, 9, NULL, NULL, NULL),
(233, 96, 9, NULL, NULL, NULL),
(201, 146, 3, NULL, NULL, NULL),
(203, 99, 6, NULL, NULL, NULL),
(177, 14, 6, NULL, NULL, NULL),
(3, 5, 0, NULL, NULL, NULL),
(1, 5, 100, NULL, NULL, NULL),
(2, 5, 50, NULL, NULL, NULL);

-- --------------------------------------------------------

--
-- Table structure for table `orders`
--

CREATE TABLE `orders` (
  `id` int(10) UNSIGNED NOT NULL,
  `user_id` int(10) UNSIGNED DEFAULT NULL,
  `orderDate` timestamp NOT NULL DEFAULT CURRENT_TIMESTAMP ON UPDATE CURRENT_TIMESTAMP,
  `status` char(1) COLLATE utf8mb4_unicode_ci NOT NULL,
  `created_at` timestamp NULL DEFAULT NULL,
  `updated_at` timestamp NULL DEFAULT NULL,
  `deleted_at` timestamp NULL DEFAULT NULL
) ENGINE=InnoDB DEFAULT CHARSET=utf8mb4 COLLATE=utf8mb4_unicode_ci;

--
-- Dumping data for table `orders`
--

INSERT INTO `orders` (`id`, `user_id`, `orderDate`, `status`, `created_at`, `updated_at`, `deleted_at`) VALUES
(1, 657, '1982-08-30 17:06:55', '2', NULL, NULL, NULL),
(2, 656, '1976-07-23 01:36:56', '1', NULL, NULL, NULL),
(3, 659, '1989-10-05 08:54:29', '1', NULL, NULL, NULL),
(4, 697, '1982-07-24 15:50:58', '2', NULL, NULL, NULL),
(5, 653, '2015-07-17 02:28:27', '2', NULL, NULL, NULL),
(6, 655, '1986-06-19 02:42:11', '2', NULL, NULL, NULL),
(7, 661, '1986-04-27 06:56:19', '2', NULL, NULL, NULL),
(8, 697, '2010-09-27 15:23:20', '2', NULL, NULL, NULL),
(9, 676, '1981-10-12 16:37:53', '2', NULL, NULL, NULL),
(10, 661, '1997-05-14 22:45:59', '2', NULL, NULL, NULL),
(11, 681, '1977-08-30 05:40:08', '1', NULL, NULL, NULL),
(12, 665, '1982-04-14 23:12:04', '2', NULL, NULL, NULL),
(13, 672, '2006-02-27 20:17:29', '2', NULL, NULL, NULL),
(14, 692, '1994-05-29 12:35:57', '2', NULL, NULL, NULL),
(15, 694, '2002-03-21 01:49:30', '2', NULL, NULL, NULL),
(16, 692, '2016-07-21 05:07:29', '1', NULL, NULL, NULL),
(17, 700, '1990-04-21 23:48:34', '2', NULL, NULL, NULL),
(18, 695, '1998-05-19 17:44:39', '1', NULL, NULL, NULL),
(19, 658, '2011-09-29 08:06:04', '1', NULL, NULL, NULL),
(20, 688, '2012-02-23 21:22:30', '2', NULL, NULL, NULL),
(21, 671, '1970-02-18 07:49:24', '2', NULL, NULL, NULL),
(22, 662, '1990-03-19 12:45:02', '1', NULL, NULL, NULL),
(23, 695, '2007-04-15 16:40:59', '2', NULL, NULL, NULL),
(24, 682, '1983-04-24 10:17:39', '2', NULL, NULL, NULL),
(25, 689, '1972-09-07 18:05:16', '1', NULL, NULL, NULL),
(26, 664, '1984-09-09 18:01:45', '1', NULL, NULL, NULL),
(27, 685, '1971-11-21 07:04:15', '2', NULL, NULL, NULL),
(28, 689, '1985-10-19 21:34:02', '2', NULL, NULL, NULL),
(29, 675, '2007-05-19 08:39:33', '1', NULL, NULL, NULL),
(30, 656, '1974-05-30 13:18:40', '2', NULL, NULL, NULL),
(31, 703, '1978-06-14 12:09:51', '1', NULL, NULL, NULL),
(32, 675, '1973-04-26 12:58:57', '2', NULL, NULL, NULL),
(33, 703, '1996-01-04 08:04:21', '2', NULL, NULL, NULL),
(34, 701, '1970-09-29 18:34:03', '2', NULL, NULL, NULL),
(35, 695, '1986-07-21 17:32:21', '2', NULL, NULL, NULL),
(36, 713, '2004-05-23 23:34:33', '1', NULL, NULL, NULL),
(37, 691, '1980-10-04 22:45:55', '1', NULL, NULL, NULL),
(38, 660, '2006-11-05 10:07:34', '2', NULL, NULL, NULL),
(39, 699, '2012-12-09 04:53:19', '2', NULL, NULL, NULL),
(40, 668, '1971-12-06 00:27:44', '2', NULL, NULL, NULL),
(41, 667, '1985-02-19 12:21:44', '2', NULL, NULL, NULL),
(42, 706, '2005-02-07 14:07:46', '2', NULL, NULL, NULL),
(43, 699, '1982-01-11 09:45:44', '1', NULL, NULL, NULL),
(44, 689, '1996-11-24 13:23:27', '2', NULL, NULL, NULL),
(45, 677, '1988-01-21 07:44:57', '1', NULL, NULL, NULL),
(46, 693, '2006-10-08 09:28:28', '2', NULL, NULL, NULL),
(47, 695, '2013-05-04 10:51:29', '1', NULL, NULL, NULL),
(48, 671, '1989-06-12 18:46:29', '2', NULL, NULL, NULL),
(49, 711, '2012-08-31 12:10:24', '1', NULL, NULL, NULL),
(50, 664, '2007-09-29 04:07:05', '1', NULL, NULL, NULL),
(51, 673, '1989-07-03 08:21:23', '2', NULL, NULL, NULL),
(52, 706, '1992-01-24 03:30:07', '2', NULL, NULL, NULL),
(53, 659, '1994-09-20 19:37:11', '2', NULL, NULL, NULL),
(54, 687, '2010-03-07 19:38:20', '2', NULL, NULL, NULL),
(55, 692, '2013-02-18 06:37:22', '2', NULL, NULL, NULL),
(56, 656, '1970-11-25 18:07:45', '2', NULL, NULL, NULL),
(57, 715, '2002-03-02 22:29:44', '2', NULL, NULL, NULL),
(58, 686, '2016-05-16 14:01:55', '2', NULL, NULL, NULL),
(59, 685, '2012-08-04 08:27:20', '2', NULL, NULL, NULL),
(60, 715, '1998-04-18 13:24:15', '1', NULL, NULL, NULL),
(61, 694, '2013-07-25 12:40:23', '2', NULL, NULL, NULL),
(62, 685, '1998-06-16 15:16:45', '2', NULL, NULL, NULL),
(63, 657, '1977-08-13 19:08:51', '1', NULL, NULL, NULL),
(64, 655, '1999-02-07 02:24:18', '1', NULL, NULL, NULL),
(65, 716, '1997-06-10 00:29:31', '2', NULL, NULL, NULL),
(66, 677, '1975-02-23 14:55:01', '2', NULL, NULL, NULL),
(67, 706, '1986-12-10 16:07:02', '2', NULL, NULL, NULL),
(68, 730, '1989-06-02 17:17:52', '1', NULL, NULL, NULL),
(69, 667, '1970-08-12 07:07:06', '2', NULL, NULL, NULL),
(70, 682, '1996-02-28 05:03:28', '1', NULL, NULL, NULL),
(71, 723, '1975-02-24 17:29:10', '1', NULL, NULL, NULL),
(72, 742, '2009-08-29 14:26:28', '2', NULL, NULL, NULL),
(73, 710, '1982-08-31 18:19:46', '1', NULL, NULL, NULL),
(74, 686, '2009-10-12 04:23:24', '1', NULL, NULL, NULL),
(75, 708, '1989-01-20 05:03:27', '2', NULL, NULL, NULL),
(76, 733, '1992-09-13 22:52:59', '2', NULL, NULL, NULL),
(77, 654, '1983-01-08 08:46:34', '2', NULL, NULL, NULL),
(78, 672, '1978-07-17 02:06:42', '1', NULL, NULL, NULL),
(79, 663, '2008-07-17 13:41:44', '1', NULL, NULL, NULL),
(80, 730, '1988-05-03 10:12:45', '2', NULL, NULL, NULL),
(81, 692, '1999-07-06 11:14:30', '2', NULL, NULL, NULL),
(82, 727, '2003-03-09 04:26:37', '2', NULL, NULL, NULL),
(83, 717, '1973-10-29 03:50:57', '1', NULL, NULL, NULL),
(84, 745, '1987-05-16 20:18:11', '1', NULL, NULL, NULL),
(85, 721, '2010-09-01 16:33:21', '2', NULL, NULL, NULL),
(86, 707, '2009-08-18 07:26:08', '1', NULL, NULL, NULL),
(87, 665, '2006-10-26 02:26:44', '1', NULL, NULL, NULL),
(88, 716, '1972-03-27 10:41:54', '2', NULL, NULL, NULL),
(89, 724, '1983-02-06 05:09:46', '2', NULL, NULL, NULL),
(90, 707, '2013-02-24 01:15:15', '2', NULL, NULL, NULL),
(91, 667, '2005-06-06 00:08:00', '1', NULL, NULL, NULL),
(92, 704, '2013-10-19 14:10:08', '2', NULL, NULL, NULL),
(93, 702, '2012-05-31 02:31:45', '2', NULL, NULL, NULL),
(94, 667, '1983-05-16 12:18:51', '2', NULL, NULL, NULL),
(95, 744, '2014-04-15 20:10:40', '1', NULL, NULL, NULL),
(96, 740, '1993-06-13 08:48:03', '2', NULL, NULL, NULL),
(97, 654, '1983-12-19 10:29:35', '2', NULL, NULL, NULL),
(98, 718, '2006-12-23 04:19:07', '1', NULL, NULL, NULL),
(99, 737, '2011-11-20 15:57:29', '1', NULL, NULL, NULL),
(100, 747, '1975-02-24 11:28:15', '1', NULL, NULL, NULL),
(101, 657, '2011-02-25 18:50:15', '1', NULL, NULL, NULL),
(102, 676, '2003-01-23 01:37:10', '1', NULL, NULL, NULL),
(103, 692, '1980-03-31 12:50:25', '1', NULL, NULL, NULL),
(104, 722, '2012-09-21 15:34:01', '1', NULL, NULL, NULL),
(105, 693, '1979-04-08 21:22:20', '2', NULL, NULL, NULL),
(106, 705, '1975-11-15 07:57:01', '2', NULL, NULL, NULL),
(107, 679, '1983-08-05 13:04:42', '1', NULL, NULL, NULL),
(108, 751, '2015-06-05 14:24:58', '1', NULL, NULL, NULL),
(109, 684, '1983-05-11 06:39:45', '1', NULL, NULL, NULL),
(110, 725, '2013-08-30 01:25:38', '1', NULL, NULL, NULL),
(111, 657, '2004-10-29 07:08:32', '2', NULL, NULL, NULL),
(112, 762, '1991-10-09 07:44:00', '2', NULL, NULL, NULL),
(113, 654, '2000-02-18 20:30:19', '1', NULL, NULL, NULL),
(114, 728, '2007-10-07 15:09:59', '1', NULL, NULL, NULL),
(115, 710, '1997-04-01 19:49:06', '2', NULL, NULL, NULL),
(116, 653, '1994-08-11 01:39:59', '2', NULL, NULL, NULL),
(117, 696, '2008-03-15 10:46:45', '1', NULL, NULL, NULL),
(118, 692, '1982-04-18 02:12:57', '2', NULL, NULL, NULL),
(119, 693, '2007-05-24 08:49:27', '1', NULL, NULL, NULL),
(120, 691, '1989-05-18 04:11:46', '1', NULL, NULL, NULL),
(121, 679, '1970-10-02 10:40:06', '1', NULL, NULL, NULL),
(122, 689, '1980-08-04 07:33:21', '2', NULL, NULL, NULL),
(123, 740, '1996-02-07 20:43:05', '1', NULL, NULL, NULL),
(124, 764, '1986-05-11 08:25:17', '1', NULL, NULL, NULL),
(125, 727, '1990-04-17 22:50:45', '1', NULL, NULL, NULL),
(126, 753, '1972-09-27 03:04:19', '2', NULL, NULL, NULL),
(127, 746, '2010-08-23 23:44:37', '2', NULL, NULL, NULL),
(128, 691, '1972-03-26 14:09:30', '1', NULL, NULL, NULL),
(129, 752, '1974-02-08 23:20:47', '2', NULL, NULL, NULL),
(130, 692, '1989-09-30 03:08:13', '1', NULL, NULL, NULL),
(131, 691, '1999-01-03 12:16:32', '2', NULL, NULL, NULL),
(132, 656, '1990-06-29 02:00:14', '2', NULL, NULL, NULL),
(133, 655, '1986-07-21 07:42:52', '2', NULL, NULL, NULL),
(134, 780, '2004-02-05 00:55:30', '2', NULL, NULL, NULL),
(135, 687, '1971-08-06 10:30:05', '1', NULL, NULL, NULL),
(136, 753, '2006-03-09 16:18:11', '1', NULL, NULL, NULL),
(137, 762, '2010-06-15 20:11:04', '1', NULL, NULL, NULL),
(138, 774, '1981-07-08 18:48:45', '1', NULL, NULL, NULL),
(139, 740, '2015-09-13 16:02:49', '2', NULL, NULL, NULL),
(140, 665, '1993-02-23 05:16:24', '1', NULL, NULL, NULL),
(141, 728, '1988-04-11 13:50:27', '2', NULL, NULL, NULL),
(142, 720, '1999-06-06 21:48:50', '1', NULL, NULL, NULL),
(143, 717, '1973-03-15 09:21:12', '1', NULL, NULL, NULL),
(144, 729, '1999-03-25 21:08:17', '2', NULL, NULL, NULL),
(145, 777, '2012-04-07 04:07:18', '2', NULL, NULL, NULL),
(146, 714, '1978-02-20 14:42:15', '2', NULL, NULL, NULL),
(147, 704, '1983-04-09 08:20:27', '1', NULL, NULL, NULL),
(148, 683, '2008-10-21 14:06:40', '1', NULL, NULL, NULL),
(149, 668, '2007-08-24 15:20:06', '2', NULL, NULL, NULL),
(150, 770, '1994-03-04 06:26:44', '2', NULL, NULL, NULL),
(151, 701, '1981-03-30 10:30:02', '2', NULL, NULL, NULL),
(152, 787, '2004-02-18 03:45:00', '2', NULL, NULL, NULL),
(153, 756, '2001-08-17 07:25:06', '2', NULL, NULL, NULL),
(154, 712, '1998-09-11 12:27:35', '1', NULL, NULL, NULL),
(155, 690, '2000-04-22 16:27:56', '2', NULL, NULL, NULL),
(156, 781, '1996-01-25 02:10:36', '2', NULL, NULL, NULL),
(157, 724, '2012-06-29 10:02:30', '1', NULL, NULL, NULL),
(158, 708, '1995-04-16 11:16:58', '1', NULL, NULL, NULL),
(159, 745, '1987-01-06 02:40:13', '2', NULL, NULL, NULL),
(160, 723, '1996-06-07 07:00:23', '1', NULL, NULL, NULL),
(161, 673, '1970-12-18 04:55:33', '2', NULL, NULL, NULL),
(162, 671, '1995-01-29 23:33:54', '2', NULL, NULL, NULL),
(163, 688, '2016-06-28 20:57:00', '2', NULL, NULL, NULL),
(164, 682, '1987-03-27 12:27:45', '1', NULL, NULL, NULL),
(165, 691, '1978-09-05 11:37:31', '1', NULL, NULL, NULL),
(166, 656, '1999-12-31 17:00:00', '1', '2017-02-15 19:37:02', '2017-02-15 19:37:02', NULL),
(167, 656, '2001-02-01 17:00:00', '1', '2017-02-15 19:37:02', '2017-02-15 19:37:02', NULL),
(168, 656, '2002-03-02 17:00:00', '1', '2017-02-15 19:37:02', '2017-02-15 19:37:02', NULL),
(169, 656, '1999-12-31 17:00:00', '1', '2017-02-15 19:44:57', '2017-02-15 19:44:57', NULL),
(170, 656, '2001-02-01 17:00:00', '1', '2017-02-15 19:44:57', '2017-02-15 19:44:57', NULL),
(171, 656, '2002-03-02 17:00:00', '1', '2017-02-15 19:44:57', '2017-02-15 19:44:57', NULL),
(172, 656, '1999-12-31 17:00:00', '1', '2017-02-15 19:45:12', '2017-02-15 19:45:12', NULL),
(173, 656, '2001-02-01 17:00:00', '1', '2017-02-15 19:45:12', '2017-02-15 19:45:12', NULL),
(174, 656, '2002-03-02 17:00:00', '1', '2017-02-15 19:45:12', '2017-02-15 19:45:12', NULL),
(175, 656, '1999-12-31 17:00:00', '1', '2017-02-15 19:45:28', '2017-02-15 19:45:28', NULL),
(176, 656, '2001-02-01 17:00:00', '1', '2017-02-15 19:45:28', '2017-02-15 19:45:28', NULL),
(177, 656, '2002-03-02 17:00:00', '1', '2017-02-15 19:45:28', '2017-02-15 19:45:28', NULL),
(178, 656, '1999-12-31 17:00:00', '1', '2017-02-15 19:48:54', '2017-02-15 19:48:54', NULL),
(179, 656, '2001-02-01 17:00:00', '1', '2017-02-15 19:48:54', '2017-02-15 19:48:54', NULL),
(180, 656, '2002-03-02 17:00:00', '1', '2017-02-15 19:48:54', '2017-02-15 19:48:54', NULL),
(181, 656, '1999-12-31 17:00:00', '1', '2017-02-15 19:49:40', '2017-02-15 19:49:40', NULL),
(182, 656, '2001-02-01 17:00:00', '1', '2017-02-15 19:49:40', '2017-02-15 19:49:40', NULL),
(183, 656, '2002-03-02 17:00:00', '1', '2017-02-15 19:49:40', '2017-02-15 19:49:40', NULL),
(184, 656, '1999-12-31 17:00:00', '1', '2017-02-15 19:53:55', '2017-02-15 19:53:55', NULL),
(185, 656, '2001-02-01 17:00:00', '1', '2017-02-15 19:53:55', '2017-02-15 19:53:55', NULL),
(186, 656, '2002-03-02 17:00:00', '1', '2017-02-15 19:53:55', '2017-02-15 19:53:55', NULL),
(187, 656, '1999-12-31 17:00:00', '1', '2017-02-15 19:58:48', '2017-02-15 19:58:48', NULL),
(188, 656, '2001-02-01 17:00:00', '1', '2017-02-15 19:58:48', '2017-02-15 19:58:48', NULL),
(189, 656, '2002-03-02 17:00:00', '1', '2017-02-15 19:58:48', '2017-02-15 19:58:48', NULL),
(190, 656, '1999-12-31 17:00:00', '1', '2017-02-15 19:59:29', '2017-02-15 19:59:29', NULL),
(191, 656, '2001-02-01 17:00:00', '1', '2017-02-15 19:59:29', '2017-02-15 19:59:29', NULL),
(192, 656, '2002-03-02 17:00:00', '1', '2017-02-15 19:59:29', '2017-02-15 19:59:29', NULL),
(193, 656, '1999-12-31 17:00:00', '1', '2017-02-15 20:07:07', '2017-02-15 20:07:07', NULL),
(194, 656, '2001-02-01 17:00:00', '1', '2017-02-15 20:07:07', '2017-02-15 20:07:07', NULL),
(195, 656, '2002-03-02 17:00:00', '1', '2017-02-15 20:07:07', '2017-02-15 20:07:07', NULL),
(196, 656, '1999-12-31 17:00:00', '1', '2017-02-15 20:07:48', '2017-02-15 20:07:48', NULL),
(197, 656, '2001-02-01 17:00:00', '1', '2017-02-15 20:07:48', '2017-02-15 20:07:48', NULL),
(198, 656, '2002-03-02 17:00:00', '1', '2017-02-15 20:07:48', '2017-02-15 20:07:48', NULL),
(199, 656, '1999-12-31 17:00:00', '1', '2017-02-15 20:29:12', '2017-02-15 20:29:12', NULL),
(200, 656, '2001-02-01 17:00:00', '1', '2017-02-15 20:29:12', '2017-02-15 20:29:12', NULL),
(201, 656, '2002-03-02 17:00:00', '1', '2017-02-15 20:29:12', '2017-02-15 20:29:12', NULL);

-- --------------------------------------------------------

--
-- Table structure for table `password_resets`
--

CREATE TABLE `password_resets` (
  `email` varchar(128) COLLATE utf8mb4_unicode_ci NOT NULL,
  `token` varchar(128) COLLATE utf8mb4_unicode_ci NOT NULL,
  `created_at` timestamp NULL DEFAULT NULL
) ENGINE=InnoDB DEFAULT CHARSET=utf8mb4 COLLATE=utf8mb4_unicode_ci;

-- --------------------------------------------------------

--
-- Table structure for table `produks`
--

CREATE TABLE `produks` (
  `id_produk` int(10) UNSIGNED NOT NULL,
  `name` varchar(100) COLLATE utf8mb4_unicode_ci NOT NULL,
  `merek` varchar(100) COLLATE utf8mb4_unicode_ci NOT NULL,
  `jumlah` int(11) NOT NULL,
  `deleted_at` timestamp NULL DEFAULT NULL,
  `created_at` timestamp NULL DEFAULT NULL,
  `updated_at` timestamp NULL DEFAULT NULL
) ENGINE=InnoDB DEFAULT CHARSET=utf8mb4 COLLATE=utf8mb4_unicode_ci;

--
-- Dumping data for table `produks`
--

INSERT INTO `produks` (`id_produk`, `name`, `merek`, `jumlah`, `deleted_at`, `created_at`, `updated_at`) VALUES
(1, 'Hilda Sauer', 'Ms. Pearline Gottlieb III', 9, NULL, NULL, NULL),
(2, 'Prof. Emmy Kemmer IV', 'Sophia Emmerich', 6, NULL, NULL, NULL),
(3, 'Dr. Rogers Kub DVM', 'Kellie McKenzie DVM', 2, NULL, NULL, NULL),
(4, 'Mr. Richie Kessler', 'Katlyn Rohan', 8, NULL, NULL, NULL),
(5, 'Mr. Ewell Pagac', 'Hermann Bruen', 8, NULL, NULL, NULL),
(6, 'Ms. Genevieve D\'Amore', 'Kallie Harvey', 0, NULL, NULL, NULL),
(7, 'Alene Funk', 'Yesenia Jast', 8, NULL, NULL, NULL),
(8, 'Zion Langosh', 'Deonte Gusikowski Sr.', 3, NULL, NULL, NULL),
(9, 'Jennings Franecki', 'Lula Wunsch', 2, NULL, NULL, NULL),
(10, 'Shyanne Leffler', 'Hayden Mohr', 0, NULL, NULL, NULL),
(11, 'Shyanne Pfeffer', 'Dr. Jaylon Strosin', 1, NULL, NULL, NULL),
(12, 'Clemens Wiegand', 'Mike Terry', 1, NULL, NULL, NULL),
(13, 'Billie Hahn I', 'Prof. Arvilla Mante', 1, NULL, NULL, NULL),
(14, 'Christy Prohaska', 'Julius Pfeffer', 4, NULL, NULL, NULL),
(15, 'Mr. Devan Abshire Sr.', 'Ms. Alexandrine Funk', 0, NULL, NULL, NULL),
(16, 'Shaun Hickle', 'Miss Hope Mitchell III', 2, NULL, NULL, NULL),
(17, 'Dr. Torrance Lubowitz DVM', 'Mr. Cleveland Jakubowski Jr.', 1, NULL, NULL, NULL),
(18, 'Stacy Goodwin', 'Angelita Schmitt', 6, NULL, NULL, NULL),
(19, 'Margaretta Reynolds', 'Cyril Steuber PhD', 7, NULL, NULL, NULL),
(20, 'Ms. Athena Dickens', 'Alejandra Casper', 0, NULL, NULL, NULL),
(21, 'Rosendo Satterfield V', 'Dr. Hank Ortiz Sr.', 0, NULL, NULL, NULL),
(22, 'Bella Kertzmann Jr.', 'Duane Fisher', 2, NULL, NULL, NULL),
(23, 'Miss Hattie Bayer', 'Wilber Eichmann', 6, NULL, NULL, NULL),
(24, 'Dr. Nigel Feeney', 'Mr. Blaze Hoeger MD', 4, NULL, NULL, NULL),
(25, 'Carolyne Turcotte', 'Mr. Milton Murazik V', 6, NULL, NULL, NULL),
(26, 'Zula Fritsch', 'Jasper Mayert', 3, NULL, NULL, NULL),
(27, 'Terrell Kilback', 'Cassie Price', 1, NULL, NULL, NULL),
(28, 'Dr. Celine Beer Jr.', 'Holden Luettgen', 3, NULL, NULL, NULL),
(29, 'Mrs. Lenora Moen IV', 'Haley Adams', 0, NULL, NULL, NULL),
(30, 'Camylle Greenholt', 'Mr. Domingo Boehm PhD', 5, NULL, NULL, NULL),
(31, 'Scottie Zieme', 'Kim Stroman', 1, NULL, NULL, NULL),
(32, 'Chanel Lemke Sr.', 'Magdalen Casper', 3, NULL, NULL, NULL),
(33, 'Lacey Jakubowski', 'Ole Jacobson Sr.', 4, NULL, NULL, NULL),
(34, 'Mr. Chadrick Willms DVM', 'Nolan Durgan', 8, NULL, NULL, NULL),
(35, 'Felipa Lubowitz', 'Eleonore Bernier MD', 2, NULL, NULL, NULL),
(36, 'Prof. Luis Lowe IV', 'Vivienne Littel', 8, NULL, NULL, NULL),
(37, 'Romaine Rodriguez Jr.', 'Corrine Mann', 2, NULL, NULL, NULL),
(38, 'Kendra Hoeger', 'Bernhard Cremin', 4, NULL, NULL, NULL),
(39, 'Judge Yost', 'Lori Gleason', 8, NULL, NULL, NULL),
(40, 'Ludwig Klocko', 'Jairo Quitzon', 4, NULL, NULL, NULL),
(41, 'Clotilde Reilly', 'Everett Christiansen', 9, NULL, NULL, NULL),
(42, 'Miles Lockman', 'Dr. Maci Schneider I', 0, NULL, NULL, NULL),
(43, 'Prof. Rebeka Price', 'Onie Jacobson', 4, NULL, NULL, NULL),
(44, 'Miss Lexie Buckridge I', 'Miss Constance Romaguera', 5, NULL, NULL, NULL),
(45, 'Grace Bartell', 'Roxane Rogahn', 2, NULL, NULL, NULL),
(46, 'Meggie Krajcik DDS', 'Gilda Gerhold', 6, NULL, NULL, NULL),
(47, 'Ashly Schowalter', 'Deja Medhurst II', 7, NULL, NULL, NULL),
(48, 'Zula Wilderman', 'Dr. Else Stiedemann', 8, NULL, NULL, NULL),
(49, 'Mohammad Glover', 'Dr. Alfred Turcotte', 3, NULL, NULL, NULL),
(50, 'Cooper Hammes', 'Marcelle Collins PhD', 0, NULL, NULL, NULL),
(51, 'Ms. Malinda Schmitt', 'Mrs. Georgiana Crona', 7, NULL, NULL, NULL),
(52, 'Elaina Hodkiewicz DVM', 'Gerson Tromp', 0, NULL, NULL, NULL),
(53, 'Jedediah Okuneva', 'Leonard Block', 2, NULL, NULL, NULL),
(54, 'Ebba Deckow', 'Antwan Fahey', 4, NULL, NULL, NULL),
(55, 'Leopoldo Hills', 'Blake Grant', 7, NULL, NULL, NULL),
(56, 'Kenya Schuppe', 'Javier Lynch', 5, NULL, NULL, NULL),
(57, 'Gilberto Grady', 'Mr. Wayne Wisoky', 2, NULL, NULL, NULL),
(58, 'Ola Turner', 'Tanner Daugherty', 1, NULL, NULL, NULL),
(59, 'Osborne D\'Amore', 'Dr. Cornell Toy V', 2, NULL, NULL, NULL),
(60, 'Cullen Schoen Jr.', 'Mr. Jameson Wisoky', 0, NULL, NULL, NULL),
(61, 'Prof. Dusty Buckridge', 'Geovanni Koch', 0, NULL, NULL, NULL),
(62, 'Mr. Irwin Wolf IV', 'Everett Boehm', 0, NULL, NULL, NULL),
(63, 'Junior VonRueden', 'Abbey Harber I', 1, NULL, NULL, NULL),
(64, 'Elisha Maggio', 'Brittany Koelpin', 2, NULL, NULL, NULL),
(65, 'Dr. Rickie Keebler', 'Mallory Block', 2, NULL, NULL, NULL),
(66, 'Khalil Rohan', 'Major King', 8, NULL, NULL, NULL),
(67, 'Jed Deckow', 'Isaias Smith', 6, NULL, NULL, NULL),
(68, 'Mr. Henri Gislason', 'Jairo Crooks', 2, NULL, NULL, NULL),
(69, 'Miss Christa Shanahan V', 'Kevon Hammes', 4, NULL, NULL, NULL),
(70, 'Efren Kunze IV', 'Vella Ferry III', 3, NULL, NULL, NULL),
(71, 'Zaria Kautzer', 'Ms. Virginie Glover DVM', 5, NULL, NULL, NULL),
(72, 'Iliana Kertzmann', 'Zoey Hauck II', 5, NULL, NULL, NULL),
(73, 'Sid Hudson', 'Dante Mante', 4, NULL, NULL, NULL),
(74, 'Juliet Tromp IV', 'Brooke Botsford', 0, NULL, NULL, NULL),
(75, 'Dejuan Ratke', 'Zita Kuphal', 3, NULL, NULL, NULL),
(76, 'Silas Bartoletti', 'Julianne Hagenes', 8, NULL, NULL, NULL),
(77, 'Giovanni Block', 'Shayna Harvey', 6, NULL, NULL, NULL),
(78, 'Mertie Bechtelar I', 'Caleigh Lemke', 1, NULL, NULL, NULL),
(79, 'Meredith Harber', 'Jeramy O\'Kon', 3, NULL, NULL, NULL),
(80, 'Shawna Paucek', 'Prof. Liliane Howe Jr.', 6, NULL, NULL, NULL),
(81, 'Myrna Hirthe', 'Ericka Streich', 5, NULL, NULL, NULL),
(82, 'Diego Koelpin', 'Virgie Shanahan', 5, NULL, NULL, NULL),
(83, 'Lamont Bogisich', 'Mr. Gaston Johns', 3, NULL, NULL, NULL),
(84, 'Leann Barton', 'Jay Macejkovic', 2, NULL, NULL, NULL),
(85, 'Larissa Bednar', 'Vivianne Stoltenberg', 9, NULL, NULL, NULL),
(86, 'Ms. Ora Windler', 'Charlotte Lockman DVM', 6, NULL, NULL, NULL),
(87, 'Ms. Mafalda Mosciski', 'Dayana Reynolds II', 6, NULL, NULL, NULL),
(88, 'Sanford Mraz I', 'Marta Dickinson', 4, NULL, NULL, NULL),
(89, 'Daron Bruen Sr.', 'Dr. Soledad Breitenberg Sr.', 5, NULL, NULL, NULL),
(90, 'Raphaelle Bauch', 'Freda Padberg I', 0, NULL, NULL, NULL),
(91, 'Alexanne Conn', 'Cielo Hessel', 1, NULL, NULL, NULL),
(92, 'Dr. Carmella Kuphal', 'Miss Alivia Price V', 0, NULL, NULL, NULL),
(93, 'Harry Becker', 'Larry Fritsch', 3, NULL, NULL, NULL),
(94, 'Dr. Arne Treutel V', 'Hailie Nader', 7, NULL, NULL, NULL),
(95, 'Martina Nitzsche', 'Mrs. Aditya Ortiz', 9, NULL, NULL, NULL),
(96, 'Mr. Edwardo Zulauf III', 'Consuelo Watsica', 4, NULL, NULL, NULL),
(97, 'Mina Hirthe MD', 'Hans Kutch', 8, NULL, NULL, NULL),
(98, 'Ona Schowalter', 'Ms. Jennyfer Barton Sr.', 8, NULL, NULL, NULL),
(99, 'Ms. Amya Cummerata I', 'Van Franecki', 7, NULL, NULL, NULL),
(100, 'Erick O\'Kon', 'Bogan and Sons', 4, NULL, NULL, NULL),
(101, 'Jerry Klocko Jr.', 'Monahan, Crist and Ruecker', 8, NULL, NULL, NULL),
(102, 'Winifred Daugherty', 'Parker Group', 2, NULL, NULL, NULL),
(103, 'Aiden Feeney', 'Morissette, Jacobs and Fay', 2, NULL, NULL, NULL),
(104, 'Dr. Carole Cummerata IV', 'Block-Kuhlman', 9, NULL, NULL, NULL),
(105, 'Cedrick Murazik', 'Roberts, Volkman and Spinka', 7, NULL, NULL, NULL),
(106, 'Theodora Aufderhar II', 'Spinka-Walsh', 6, NULL, NULL, NULL),
(107, 'Darlene Kirlin', 'Buckridge-Smith', 4, NULL, NULL, NULL),
(108, 'Dr. Oscar Zemlak', 'Ward-Kuvalis', 0, NULL, NULL, NULL),
(109, 'Donny Effertz', 'Moen, Schaden and Funk', 6, NULL, NULL, NULL),
(110, 'Dr. Dave Bradtke', 'Feest, Dickinson and McKenzie', 2, NULL, NULL, NULL),
(111, 'Mrs. Demetris Rice', 'Jakubowski-Harvey', 6, NULL, NULL, NULL),
(112, 'Mrs. Laila Klocko', 'Von-Spencer', 9, NULL, NULL, NULL),
(113, 'Prof. Fritz Stehr II', 'Steuber Ltd', 3, NULL, NULL, NULL),
(114, 'Heather Hermann', 'Wilkinson LLC', 7, NULL, NULL, NULL),
(115, 'Jackeline Dibbert', 'Klein, Cronin and Treutel', 8, NULL, NULL, NULL),
(116, 'Prof. Johnathon Hessel Jr.', 'Kshlerin-Schmidt', 6, NULL, NULL, NULL),
(117, 'Adelbert Medhurst', 'Emard, Goodwin and Padberg', 6, NULL, NULL, NULL),
(118, 'Noah Keebler', 'Haley Inc', 9, NULL, NULL, NULL),
(119, 'Daren Ullrich III', 'Kunde Ltd', 5, NULL, NULL, NULL),
(120, 'Justen Schinner Sr.', 'Spinka, McGlynn and Durgan', 2, NULL, NULL, NULL),
(121, 'Mr. Ludwig Rice PhD', 'Boehm and Sons', 3, NULL, NULL, NULL),
(122, 'Cleo Schuppe', 'Pagac-Smith', 8, NULL, NULL, NULL),
(123, 'Ms. Delores Kiehn', 'Doyle-Kiehn', 7, NULL, NULL, NULL),
(124, 'Damaris Ward Sr.', 'Dickinson-Renner', 0, NULL, NULL, NULL),
(125, 'Joana Thiel', 'Denesik-Wehner', 2, NULL, NULL, NULL),
(126, 'Madyson Jaskolski', 'Beahan LLC', 3, NULL, NULL, NULL),
(127, 'Betty Pagac', 'Hand, Roob and Aufderhar', 3, NULL, NULL, NULL),
(128, 'Jennifer Hane', 'Fahey-Waters', 3, NULL, NULL, NULL),
(129, 'Lizzie Reichert I', 'Larson-Veum', 9, NULL, NULL, NULL),
(130, 'Sydney Prohaska', 'Runte, Parisian and Littel', 3, NULL, NULL, NULL),
(131, 'Hubert Kris', 'Tromp-Friesen', 4, NULL, NULL, NULL),
(132, 'Fidel Hackett', 'Kuphal, Deckow and Gislason', 1, NULL, NULL, NULL),
(133, 'Desmond Kuvalis', 'Wanda Pagac', 4, NULL, NULL, NULL),
(134, 'Josefa O\'Kon DVM', 'Reina Koch', 0, NULL, NULL, NULL),
(135, 'Antonina Pfannerstill', 'Lilly Stokes', 0, NULL, NULL, NULL),
(136, 'Cecile Lakin', 'Solon Feeney', 6, NULL, NULL, NULL),
(137, 'Everette Leuschke', 'Antwon Pfannerstill', 4, NULL, NULL, NULL),
(138, 'Mr. Akeem Hackett', 'Prof. Misael Eichmann Sr.', 8, NULL, NULL, NULL),
(139, 'Dr. Raphael McCullough', 'Norberto Lueilwitz', 1, NULL, NULL, NULL),
(140, 'Jarrett Bechtelar', 'Ryleigh Herzog', 9, NULL, NULL, NULL),
(141, 'Miss Helene Mitchell', 'Fern Powlowski', 3, NULL, NULL, NULL),
(142, 'Kris Bins', 'Nova Metz', 4, NULL, NULL, NULL),
(143, 'Charlie Predovic', 'Henderson Koss', 2, NULL, NULL, NULL),
(144, 'Dr. Fatima Schumm I', 'Amelie Shanahan Sr.', 5, NULL, NULL, NULL),
(145, 'Mr. Chadrick Grady DVM', 'Delta Larkin IV', 0, NULL, NULL, NULL),
(146, 'Miss Araceli Klocko DDS', 'Marc Rempel I', 0, NULL, NULL, NULL),
(147, 'Susanna Corwin', 'Lauretta Ondricka DDS', 4, NULL, NULL, NULL),
(148, 'Noble Fisher', 'Ana Heathcote', 9, NULL, NULL, NULL),
(149, 'Kasey Kessler', 'Rudolph Larson', 4, NULL, NULL, NULL),
(150, 'Casimer Pfeffer', 'Aylin Kautzer IV', 8, NULL, NULL, NULL),
(151, 'Dr. Alfonso Herzog I', 'Prof. Denis Grimes Sr.', 2, NULL, NULL, NULL),
(152, 'Ayana Jakubowski', 'Marisa Olson', 2, NULL, NULL, NULL),
(153, 'Sally Crooks', 'Troy Bahringer DDS', 2, NULL, NULL, NULL),
(154, 'Ms. Pascale Shields', 'Jaylin Kuphal', 7, NULL, NULL, NULL),
(155, 'Dr. Carmelo Hegmann Jr.', 'Jose Cruickshank', 5, NULL, NULL, NULL),
(156, 'Dr. Darian Bergstrom', 'Mr. Dudley Lind DVM', 0, NULL, NULL, NULL),
(157, 'Ezekiel Rice', 'Hillard Hoeger III', 7, NULL, NULL, NULL),
(158, 'Leonie Jacobi MD', 'Tyree Bruen I', 2, NULL, NULL, NULL),
(159, 'Claudie Krajcik', 'Miss Amanda Schultz V', 3, NULL, NULL, NULL),
(160, 'Dr. Franco Hilll V', 'Baylee O\'Connell', 0, NULL, NULL, NULL),
(161, 'Sydni Schimmel', 'Alexandrine Welch Jr.', 9, NULL, NULL, NULL),
(162, 'Mrs. Hellen O\'Hara', 'Aylin Koepp', 8, NULL, NULL, NULL),
(163, 'Creola Konopelski', 'Prof. Lambert Hansen Jr.', 9, NULL, NULL, NULL),
(164, 'Jennyfer Reinger Sr.', 'Gilberto Fay', 7, NULL, NULL, NULL),
(165, 'Wayne Roob', 'Arely Reynolds PhD', 1, NULL, NULL, NULL),
(166, 'Roderick Roberts IV', 'Huels Inc', 1, NULL, NULL, NULL),
(167, 'Sylvia Kulas', 'Williamson-Mohr', 2, NULL, NULL, NULL),
(168, 'Rachael Hettinger Jr.', 'Christiansen Group', 9, NULL, NULL, NULL),
(169, 'Rollin Hills', 'Cruickshank PLC', 8, NULL, NULL, NULL),
(170, 'Mrs. Rhea Gleichner', 'DuBuque, Mertz and Hilpert', 2, NULL, NULL, NULL),
(171, 'Justus Cassin DVM', 'Cassin LLC', 0, NULL, NULL, NULL),
(172, 'Juanita Leuschke Sr.', 'Bins and Sons', 5, NULL, NULL, NULL),
(173, 'Beverly Satterfield', 'Schowalter, Greenfelder and Kertzmann', 3, NULL, NULL, NULL),
(174, 'Earnestine Crooks', 'Koch Group', 5, NULL, NULL, NULL),
(175, 'Prof. Benton Goyette', 'Borer, Dooley and Kuhic', 2, NULL, NULL, NULL),
(176, 'Zakary Purdy', 'Christiansen, Spinka and Koepp', 1, NULL, NULL, NULL),
(177, 'Jesse Kiehn', 'Reichert and Sons', 2, NULL, NULL, NULL),
(178, 'Maxwell Yost', 'Berge-Legros', 1, NULL, NULL, NULL),
(179, 'Prof. Hazel Stoltenberg IV', 'Flatley PLC', 4, NULL, NULL, NULL),
(180, 'Mrs. Florida Heller', 'Mueller, Weber and Skiles', 2, NULL, NULL, NULL),
(181, 'Janae Schowalter', 'Price Inc', 9, NULL, NULL, NULL),
(182, 'Madalyn Kuvalis IV', 'Graham Ltd', 5, NULL, NULL, NULL),
(183, 'Dr. Maximillian Smith Jr.', 'Gleason and Sons', 9, NULL, NULL, NULL),
(184, 'Enoch Okuneva', 'Collier, Johnson and Conn', 3, NULL, NULL, NULL),
(185, 'Jamir Torp', 'Cronin LLC', 7, NULL, NULL, NULL),
(186, 'Doyle Ratke DDS', 'Gleason, Ebert and Steuber', 0, NULL, NULL, NULL),
(187, 'Jacinto Baumbach', 'Dooley-Wolf', 4, NULL, NULL, NULL),
(188, 'Caleigh Hickle', 'Jacobson and Sons', 2, NULL, NULL, NULL),
(189, 'Violet Howe', 'Jacobson-Robel', 4, NULL, NULL, NULL),
(190, 'Leo Towne MD', 'Runolfsdottir LLC', 8, NULL, NULL, NULL),
(191, 'Kody Reinger', 'Lang, Thompson and Gislason', 2, NULL, NULL, NULL),
(192, 'Mr. Mackenzie Bosco III', 'Langosh PLC', 9, NULL, NULL, NULL),
(193, 'Mrs. Kaci Connelly MD', 'Gottlieb and Sons', 9, NULL, NULL, NULL),
(194, 'Al Abbott', 'Littel, Johnson and Upton', 8, NULL, NULL, NULL),
(195, 'Herta Haag', 'Grady, Treutel and Bosco', 4, NULL, NULL, NULL),
(196, 'Sibyl Bernhard', 'Kulas-Marvin', 4, NULL, NULL, NULL),
(197, 'Erin Wolf', 'Johns PLC', 7, NULL, NULL, NULL),
(198, 'Aliya Bailey', 'Gaylord-Cassin', 8, NULL, NULL, NULL),
(199, 'Miss Alfreda Runte', 'Clotilde Yost', 5, NULL, NULL, NULL),
(200, 'Margaretta Herzog', 'Kurt Kovacek', 1, NULL, NULL, NULL),
(201, 'Dr. Francis Vandervort', 'Dr. Margarette Barrows', 1, NULL, NULL, NULL),
(202, 'Verona Zemlak MD', 'Erna Heathcote III', 8, NULL, NULL, NULL),
(203, 'Mr. Arnaldo Wisoky', 'Stanley Hilll I', 1, NULL, NULL, NULL),
(204, 'Jessyca Roob', 'Prof. Elvis Prohaska', 8, NULL, NULL, NULL),
(205, 'Dr. Ignatius McKenzie III', 'Maryse Botsford', 7, NULL, NULL, NULL),
(206, 'Janae Mohr', 'Harmony Reinger', 3, NULL, NULL, NULL),
(207, 'Saul Upton', 'Luther Keebler', 0, NULL, NULL, NULL),
(208, 'Elenora Johnston', 'Jevon Mitchell', 7, NULL, NULL, NULL),
(209, 'Dustin DuBuque', 'Lucinda Russel IV', 9, NULL, NULL, NULL),
(210, 'Prof. Connor Kub', 'Prof. Reese Nitzsche IV', 9, NULL, NULL, NULL),
(211, 'Tristin Abbott', 'Ismael Heathcote', 9, NULL, NULL, NULL),
(212, 'Deven Gerhold', 'Ansel Howe', 4, NULL, NULL, NULL),
(213, 'Jazmin Labadie I', 'Marjorie Kub', 8, NULL, NULL, NULL),
(214, 'Donavon Smith Sr.', 'Devonte Ernser', 5, NULL, NULL, NULL),
(215, 'Hilton Rohan', 'Adalberto Gusikowski', 6, NULL, NULL, NULL),
(216, 'Lilly Parker', 'Ms. Elza Kohler', 1, NULL, NULL, NULL),
(217, 'Gina Legros', 'Jevon Nolan DDS', 3, NULL, NULL, NULL),
(218, 'Hassie Kautzer', 'Mrs. Courtney Hoppe Jr.', 8, NULL, NULL, NULL),
(219, 'Terrence Kilback V', 'Dedric Emard', 3, NULL, NULL, NULL),
(220, 'Oda Braun Sr.', 'Mara Herman', 3, NULL, NULL, NULL),
(221, 'Prof. Fleta Haley', 'Aryanna Wilkinson I', 9, NULL, NULL, NULL),
(222, 'Orlo Bruen', 'Sincere Kuhic', 6, NULL, NULL, NULL),
(223, 'Colton Bradtke', 'Miss Lonie Upton DDS', 2, NULL, NULL, NULL),
(224, 'Retha Cruickshank', 'Dr. Lizeth Daniel', 6, NULL, NULL, NULL),
(225, 'Rollin Mertz', 'Melyssa Stoltenberg MD', 0, NULL, NULL, NULL),
(226, 'Leora Brekke II', 'Jeffery Treutel', 7, NULL, NULL, NULL),
(227, 'Javier Monahan', 'Mr. Demetrius Lynch V', 0, NULL, NULL, NULL),
(228, 'Delphine Windler', 'Luciano Hansen PhD', 7, NULL, NULL, NULL),
(229, 'Dr. Ford Kiehn', 'Prof. Keith O\'Connell I', 7, NULL, NULL, NULL),
(230, 'Melba White', 'Rafaela Schmitt', 5, NULL, NULL, NULL),
(231, 'Ramiro White', 'Candida Jacobi', 5, NULL, NULL, NULL),
(232, 'Mrs. Daija Von', 'Altenwerth and Sons', 9, NULL, NULL, NULL),
(233, 'Kris Wisoky V', 'Schulist PLC', 5, NULL, NULL, NULL),
(234, 'Cooper Ferry Jr.', 'Hodkiewicz, DuBuque and Balistreri', 5, NULL, NULL, NULL),
(235, 'Tom Johnston', 'Keebler Group', 1, NULL, NULL, NULL),
(236, 'Miss Kaylin Fritsch I', 'Pfannerstill and Sons', 3, NULL, NULL, NULL),
(237, 'Lelah Schuppe', 'Wilkinson-McClure', 0, NULL, NULL, NULL),
(238, 'Jadyn Treutel', 'Gerhold Inc', 3, NULL, NULL, NULL),
(239, 'Selmer Langosh MD', 'Jacobs and Sons', 6, NULL, NULL, NULL),
(240, 'Beverly Lehner', 'Marquardt PLC', 8, NULL, NULL, NULL),
(241, 'Aubree Heathcote', 'Bayer-Funk', 9, NULL, NULL, NULL),
(242, 'Kaylee Ratke', 'Mante PLC', 7, NULL, NULL, NULL),
(243, 'Mr. Felton Lang Jr.', 'Luettgen-Davis', 0, NULL, NULL, NULL),
(244, 'Roselyn Dicki', 'Robel-Konopelski', 8, NULL, NULL, NULL),
(245, 'Bernardo Schuster', 'Cummerata-Wehner', 6, NULL, NULL, NULL),
(246, 'Alford Buckridge PhD', 'Lowe, Strosin and O\'Kon', 3, NULL, NULL, NULL),
(247, 'Jada Schuppe', 'Osinski, Friesen and Eichmann', 3, NULL, NULL, NULL),
(248, 'Miss Marilou Mann IV', 'Volkman and Sons', 1, NULL, NULL, NULL),
(249, 'Tommie Mills', 'Huel, Jerde and Block', 6, NULL, NULL, NULL),
(250, 'Watson Turcotte', 'Hudson-Nolan', 0, NULL, NULL, NULL),
(251, 'Adolphus Veum', 'Powlowski, Koelpin and Mertz', 9, NULL, NULL, NULL),
(252, 'Mikayla Green', 'Mertz, Wilderman and Kutch', 0, NULL, NULL, NULL),
(253, 'Mrs. Tamia Murray', 'O\'Hara PLC', 3, NULL, NULL, NULL),
(254, 'Maribel D\'Amore', 'Anderson Inc', 1, NULL, NULL, NULL),
(255, 'Marina Will', 'Schultz-Kilback', 0, NULL, NULL, NULL),
(256, 'Emily Cummerata', 'Lindgren Group', 0, NULL, NULL, NULL),
(257, 'Miss Blanche Klocko', 'Corkery PLC', 7, NULL, NULL, NULL),
(258, 'Ned Dach', 'Effertz-Ondricka', 3, NULL, NULL, NULL),
(259, 'Jillian Rath', 'Schamberger-Gutmann', 3, NULL, NULL, NULL),
(260, 'Saige Kuhic', 'Rosenbaum-Koelpin', 1, NULL, NULL, NULL),
(261, 'Abagail Jacobson', 'Kertzmann-Rosenbaum', 1, NULL, NULL, NULL),
(262, 'Mia Huels', 'Schneider-Lang', 6, NULL, NULL, NULL),
(263, 'Kendra Walker', 'Hyatt and Sons', 9, NULL, NULL, NULL),
(264, 'Heather VonRueden', 'Collins Inc', 4, NULL, NULL, NULL),
(265, 'Miss Ella Boyer', 'Mr. Mckenzie Feest V', 7, NULL, NULL, NULL),
(266, 'Winfield Funk', 'Devonte Herzog', 0, NULL, NULL, NULL),
(267, 'Malinda Homenick', 'Casandra Nitzsche', 3, NULL, NULL, NULL),
(268, 'Alycia Erdman MD', 'Gilda Bashirian', 0, NULL, NULL, NULL),
(269, 'Rosemarie Lubowitz Sr.', 'Ramona Simonis', 3, NULL, NULL, NULL),
(270, 'Bridie Morar', 'Angel Frami', 5, NULL, NULL, NULL),
(271, 'Dr. Devyn Dickinson Sr.', 'Prof. Jay Hills III', 3, NULL, NULL, NULL),
(272, 'Cassidy Stracke', 'Mr. Avery Collier MD', 9, NULL, NULL, NULL),
(273, 'Pierre Schaefer IV', 'Miss Lura Wilkinson', 0, NULL, NULL, NULL),
(274, 'Donald Shields', 'Taurean Smitham', 4, NULL, NULL, NULL),
(275, 'Sandy Tromp DDS', 'Maxine Bailey Sr.', 7, NULL, NULL, NULL),
(276, 'Francis Turner PhD', 'Kristofer Zieme', 3, NULL, NULL, NULL),
(277, 'Angeline Altenwerth', 'Deshawn Wolf', 0, NULL, NULL, NULL),
(278, 'Alberto Schneider', 'Emmitt Bernier', 3, NULL, NULL, NULL),
(279, 'Weston Monahan', 'Dexter Russel', 0, NULL, NULL, NULL),
(280, 'Estrella Keeling', 'Bria Bednar I', 1, NULL, NULL, NULL),
(281, 'Miss Linda O\'Connell', 'Jovany Swift', 6, NULL, NULL, NULL),
(282, 'Desmond Collins', 'Prof. Paxton Schulist', 3, NULL, NULL, NULL),
(283, 'Magdalena Dach', 'Mr. Bud Bechtelar Sr.', 9, NULL, NULL, NULL),
(284, 'Prof. Bradford Ritchie', 'Maximillia McGlynn', 9, NULL, NULL, NULL),
(285, 'Ryan Hickle', 'Jennie Jerde', 0, NULL, NULL, NULL),
(286, 'Jannie Krajcik MD', 'Mr. Leopold Nienow', 2, NULL, NULL, NULL),
(287, 'Mr. Gianni Bernhard', 'Sophia Heidenreich I', 8, NULL, NULL, NULL),
(288, 'Olaf Berge', 'Mr. Russ Hoppe Jr.', 4, NULL, NULL, NULL),
(289, 'Meaghan Turner', 'Dr. Elmer Graham V', 6, NULL, NULL, NULL),
(290, 'Prof. Olaf Jaskolski MD', 'Mr. Jay Rolfson', 3, NULL, NULL, NULL),
(291, 'Dr. Lionel Mitchell', 'Julia Torp', 8, NULL, NULL, NULL),
(292, 'Aliya Rosenbaum', 'Gregoria Blanda', 1, NULL, NULL, NULL),
(293, 'Llewellyn Ward', 'Myrtle Bailey', 4, NULL, NULL, NULL),
(294, 'Chadd Jakubowski', 'Prof. Lina Lindgren', 1, NULL, NULL, NULL),
(295, 'Prof. Kayden Friesen Jr.', 'Garrett Collins', 6, NULL, NULL, NULL),
(296, 'Prof. Bernita Williamson Sr.', 'Gregorio Moen', 0, NULL, NULL, NULL),
(297, 'Mortimer Schumm', 'Loma Dach', 4, NULL, NULL, NULL),
(298, 'Aliza Hansen I', 'Runolfsdottir-Kuvalis', 7, NULL, NULL, NULL),
(299, 'Leopold Stanton', 'Heaney, Hermann and Champlin', 6, NULL, NULL, NULL),
(300, 'Birdie Heidenreich', 'Hansen-Olson', 7, NULL, NULL, NULL),
(301, 'Prof. Reva Armstrong DVM', 'Klein and Sons', 4, NULL, NULL, NULL),
(302, 'Aletha Langosh DDS', 'Bradtke-Dickinson', 2, NULL, NULL, NULL),
(303, 'Blaise Hartmann', 'Green-Veum', 9, NULL, NULL, NULL),
(304, 'Kirstin Thiel', 'Okuneva Group', 5, NULL, NULL, NULL),
(305, 'Dasia Lueilwitz', 'Nolan Inc', 9, NULL, NULL, NULL),
(306, 'Lourdes Torphy Jr.', 'McLaughlin-Kuphal', 3, NULL, NULL, NULL),
(307, 'Prof. Carroll Kirlin MD', 'Batz-Dietrich', 3, NULL, NULL, NULL),
(308, 'Prof. Jackson Gleichner Jr.', 'Muller-Ryan', 2, NULL, NULL, NULL),
(309, 'Lance Purdy', 'Flatley, Adams and Rippin', 2, NULL, NULL, NULL),
(310, 'Jerrell Frami', 'Lynch, Kuvalis and Wiza', 4, NULL, NULL, NULL),
(311, 'Ms. Marguerite Jacobs', 'Abernathy and Sons', 3, NULL, NULL, NULL),
(312, 'Sonny Stark Jr.', 'Barrows-Larson', 5, NULL, NULL, NULL),
(313, 'Dr. Leopoldo Barrows', 'Wilderman-Conn', 6, NULL, NULL, NULL),
(314, 'Mrs. Ora Pouros', 'Klocko-Hegmann', 2, NULL, NULL, NULL),
(315, 'Miss Renee Monahan', 'Bode, McCullough and Gerhold', 8, NULL, NULL, NULL),
(316, 'Wyman Krajcik', 'Hauck-Balistreri', 6, NULL, NULL, NULL),
(317, 'Marie Collins', 'Watsica, VonRueden and Douglas', 4, NULL, NULL, NULL),
(318, 'Bryon Crooks', 'O\'Keefe, Koelpin and Erdman', 9, NULL, NULL, NULL),
(319, 'Miss Aliza Gibson', 'Prohaska, Heidenreich and Murphy', 5, NULL, NULL, NULL),
(320, 'Adeline Kshlerin', 'Hirthe, Graham and Bogan', 8, NULL, NULL, NULL),
(321, 'Bradford O\'Conner', 'Feest, Ledner and Goldner', 5, NULL, NULL, NULL),
(322, 'Ms. Susan Johnson', 'Kassulke Inc', 5, NULL, NULL, NULL),
(323, 'Kianna Prohaska MD', 'Kunze, Frami and Bayer', 1, NULL, NULL, NULL),
(324, 'Carey Murphy', 'Johnston Ltd', 7, NULL, NULL, NULL),
(325, 'Candice Bosco', 'Kessler, Ward and Klocko', 2, NULL, NULL, NULL),
(326, 'Hassan Walker', 'Wehner Inc', 3, NULL, NULL, NULL),
(327, 'Shad Orn', 'Bartell PLC', 1, NULL, NULL, NULL),
(328, 'Mr. Davonte Funk DDS', 'Barrows PLC', 7, NULL, NULL, NULL),
(329, 'Jane Klocko', 'Gottlieb, Wunsch and Collier', 4, NULL, NULL, NULL),
(330, 'Lea Dietrich', 'O\'Kon-Huels', 9, NULL, NULL, NULL),
(331, 'Dustin Waelchi I', 'Prof. Lou Kris', 1, NULL, NULL, NULL),
(332, 'Isom Jakubowski', 'Elfrieda Lemke', 1, NULL, NULL, NULL),
(333, 'Mr. Rogers West', 'Deangelo Franecki', 8, NULL, NULL, NULL),
(334, 'Adele Howe III', 'Sadie Simonis', 7, NULL, NULL, NULL),
(335, 'Miss Jannie Spinka', 'Mr. Jasmin Wintheiser Jr.', 7, NULL, NULL, NULL),
(336, 'Erling Nienow', 'Kenna Champlin', 7, NULL, NULL, NULL),
(337, 'Haskell Gislason', 'Shanny Wolff', 5, NULL, NULL, NULL),
(338, 'Ms. Rachael O\'Keefe', 'Dr. Javier Mayer Sr.', 3, NULL, NULL, NULL),
(339, 'Domenica Klein', 'Giovanna Walker', 8, NULL, NULL, NULL),
(340, 'Stanton Barton', 'Arlene Gusikowski', 0, NULL, NULL, NULL),
(341, 'Eda Swaniawski', 'Greg Ankunding Sr.', 7, NULL, NULL, NULL),
(342, 'Nicole Greenholt', 'Joey Koss', 6, NULL, NULL, NULL),
(343, 'Kaden Gottlieb Sr.', 'Sophia Blanda', 2, NULL, NULL, NULL),
(344, 'Miss Aracely Nienow II', 'Emerald Carter', 7, NULL, NULL, NULL),
(345, 'Lesley Jacobi', 'Mrs. Piper O\'Kon III', 1, NULL, NULL, NULL),
(346, 'Mr. Tony Olson DVM', 'Everett Abshire I', 4, NULL, NULL, NULL),
(347, 'Ferne Gaylord', 'Terrance Kunze II', 3, NULL, NULL, NULL),
(348, 'Prof. Nadia Homenick', 'Vita Little Sr.', 3, NULL, NULL, NULL),
(349, 'Guy O\'Keefe', 'Stephanie Mann III', 6, NULL, NULL, NULL),
(350, 'Jazmyn Turner I', 'Vernice Parisian', 7, NULL, NULL, NULL),
(351, 'Mr. Oswald D\'Amore', 'Elinore Steuber DVM', 4, NULL, NULL, NULL),
(352, 'Sterling Tremblay', 'Prof. Vilma Kihn II', 0, NULL, NULL, NULL),
(353, 'Milton Reinger', 'Prof. Braulio Mitchell V', 9, NULL, NULL, NULL),
(354, 'Mr. Kamron Gleason IV', 'Braden Heller Sr.', 2, NULL, NULL, NULL),
(355, 'Clarabelle Keebler Jr.', 'Dock Oberbrunner', 7, NULL, NULL, NULL),
(356, 'Haskell Bergstrom', 'Tracy Hackett', 3, NULL, NULL, NULL),
(357, 'Edythe Terry', 'Dr. Katherine Bode', 9, NULL, NULL, NULL),
(358, 'Glen Kovacek', 'Stuart Blick', 2, NULL, NULL, NULL),
(359, 'Ahmad Ward', 'Holly Rosenbaum', 7, NULL, NULL, NULL),
(360, 'Eulalia Yundt PhD', 'Katelynn Fritsch', 9, NULL, NULL, NULL),
(361, 'Alysa Tromp V', 'Prof. Levi Harris', 3, NULL, NULL, NULL),
(362, 'Christop Bailey', 'Lydia Fahey', 3, NULL, NULL, NULL),
(363, 'Maynard Bartoletti', 'Myah Lehner II', 9, NULL, NULL, NULL),
(364, 'Verna Bergnaum', 'Friesen, Wolf and Jenkins', 9, NULL, NULL, NULL),
(365, 'Dale DuBuque', 'Boehm Group', 9, NULL, NULL, NULL),
(366, 'Lilyan Lebsack', 'Kunde-Marvin', 2, NULL, NULL, NULL),
(367, 'Ellen Jakubowski', 'Johnson, Carter and Funk', 3, NULL, NULL, NULL),
(368, 'Billie Gleichner', 'Jast, Runolfsdottir and Morissette', 2, NULL, NULL, NULL),
(369, 'Orville Dare', 'Cummerata, Zulauf and Kuvalis', 2, NULL, NULL, NULL),
(370, 'Maxie Kshlerin', 'Schuster, Boyer and Hickle', 5, NULL, NULL, NULL),
(371, 'Dr. Noelia Johns', 'Hammes LLC', 4, NULL, NULL, NULL),
(372, 'Camden Skiles', 'Hirthe and Sons', 8, NULL, NULL, NULL),
(373, 'Conner Cormier', 'Fay, Vandervort and Kozey', 0, NULL, NULL, NULL),
(374, 'Vivien Windler PhD', 'Senger, Rolfson and Waelchi', 0, NULL, NULL, NULL),
(375, 'Alvera Kub I', 'Prohaska PLC', 4, NULL, NULL, NULL),
(376, 'Dr. Dane Luettgen', 'Ebert, Ritchie and Hegmann', 8, NULL, NULL, NULL),
(377, 'Dr. Fausto Kunde DVM', 'Berge-Nolan', 7, NULL, NULL, NULL),
(378, 'Misael Klocko', 'Prohaska-Paucek', 7, NULL, NULL, NULL),
(379, 'Leonardo Torphy', 'Schiller, Kub and Green', 5, NULL, NULL, NULL),
(380, 'Agustina Kozey', 'Hickle Ltd', 1, NULL, NULL, NULL),
(381, 'Olaf Hills', 'Anderson-Reinger', 1, NULL, NULL, NULL),
(382, 'Mavis Lesch', 'Zieme-Lesch', 9, NULL, NULL, NULL),
(383, 'Prof. Tyler Hammes', 'Schroeder Group', 1, NULL, NULL, NULL),
(384, 'Isadore Harris MD', 'Waters-Adams', 0, NULL, NULL, NULL),
(385, 'Mr. Ike Cormier DDS', 'Hoeger-Mayert', 0, NULL, NULL, NULL),
(386, 'Hettie O\'Keefe', 'Bruen and Sons', 7, NULL, NULL, NULL),
(387, 'Margret Hirthe', 'Ferry, Schulist and Gusikowski', 3, NULL, NULL, NULL),
(388, 'Dahlia Collins', 'Balistreri-Leuschke', 0, NULL, NULL, NULL),
(389, 'Prudence Kutch', 'Lang, Volkman and Rutherford', 8, NULL, NULL, NULL),
(390, 'Alta Pollich', 'Terry and Sons', 4, NULL, NULL, NULL),
(391, 'Janet Pacocha', 'Runolfsdottir, Lehner and White', 8, NULL, NULL, NULL),
(392, 'Liza Larson Sr.', 'Mertz, Denesik and Grimes', 8, NULL, NULL, NULL),
(393, 'Kelvin Pacocha', 'Sipes-Lehner', 6, NULL, NULL, NULL),
(394, 'Elvis Nicolas', 'Wolff, Vandervort and Walter', 6, NULL, NULL, NULL),
(395, 'Amos Hahn II', 'Macejkovic and Sons', 5, NULL, NULL, NULL),
(396, 'Mrs. Rae Hermann Sr.', 'Greenholt LLC', 7, NULL, NULL, NULL),
(397, 'Sifa', 'Baju', 1, NULL, '2017-02-15 19:14:34', '2017-02-15 19:14:34');

-- --------------------------------------------------------

--
-- Table structure for table `profils`
--

CREATE TABLE `profils` (
  `user_id` int(10) UNSIGNED DEFAULT NULL,
  `name` varchar(255) COLLATE utf8mb4_unicode_ci NOT NULL,
  `telephone` varchar(255) COLLATE utf8mb4_unicode_ci NOT NULL,
  `created_at` timestamp NULL DEFAULT NULL,
  `updated_at` timestamp NULL DEFAULT NULL
) ENGINE=InnoDB DEFAULT CHARSET=utf8mb4 COLLATE=utf8mb4_unicode_ci;

--
-- Dumping data for table `profils`
--

INSERT INTO `profils` (`user_id`, `name`, `telephone`, `created_at`, `updated_at`) VALUES
(653, 'Dr. Kenna Moore Jr.', '440.226.0302 x6805', '2017-02-13 19:06:46', '2017-02-13 19:06:46'),
(654, 'Lula Wiegand', '457.293.1598', '2017-02-13 19:06:46', '2017-02-13 19:06:46'),
(655, 'Mrs. Estel Dickinson MD', '539-494-2013', '2017-02-13 19:06:46', '2017-02-13 19:06:46'),
(656, 'Mrs. Ayla Hauck DVM', '208.875.3333', '2017-02-13 19:06:46', '2017-02-13 19:06:46'),
(657, 'Ms. Nichole Kreiger V', '(637) 878-6814 x6704', '2017-02-13 19:06:46', '2017-02-13 19:06:46'),
(658, 'Jerrold Mueller', '509-625-3764 x194', '2017-02-13 19:06:47', '2017-02-13 19:06:47'),
(659, 'Josianne Renner', '685-253-4700 x360', '2017-02-13 19:06:47', '2017-02-13 19:06:47'),
(660, 'Joanie Weimann', '1-381-767-1289 x9942', '2017-02-13 19:06:47', '2017-02-13 19:06:47'),
(661, 'Ryleigh McLaughlin', '1-848-569-9824 x7701', '2017-02-13 19:06:47', '2017-02-13 19:06:47'),
(662, 'Mrs. Vergie Borer', '+1.269.946.0966', '2017-02-13 19:06:47', '2017-02-13 19:06:47'),
(674, 'Delilah Jacobi Sr.', '+1-542-606-8704', '2017-02-13 20:01:37', '2017-02-13 20:01:37'),
(675, 'Marco Kovacek', '1-897-444-2042 x04386', '2017-02-13 20:01:37', '2017-02-13 20:01:37'),
(676, 'Filiberto Brown', '(570) 721-3359 x47035', '2017-02-13 20:01:37', '2017-02-13 20:01:37'),
(677, 'Mae Stoltenberg', '945.287.1430 x90041', '2017-02-13 20:01:37', '2017-02-13 20:01:37'),
(678, 'Carlie Bogan', '854.238.8192 x81531', '2017-02-13 20:01:37', '2017-02-13 20:01:37'),
(679, 'Brandi Dare PhD', '(689) 456-4254 x28882', '2017-02-13 20:01:37', '2017-02-13 20:01:37'),
(680, 'Mr. Amir Leffler', '+15062643056', '2017-02-13 20:01:37', '2017-02-13 20:01:37'),
(681, 'Mallie Schneider DDS', '237.749.7284 x53035', '2017-02-13 20:01:37', '2017-02-13 20:01:37'),
(682, 'Gabriella Moore IV', '997-679-2165 x48764', '2017-02-13 20:01:37', '2017-02-13 20:01:37'),
(683, 'Camylle Pouros', '+1 (998) 284-2074', '2017-02-13 20:01:38', '2017-02-13 20:01:38'),
(695, 'Karl Rau I', '(525) 640-1652 x63211', '2017-02-13 20:03:55', '2017-02-13 20:03:55'),
(696, 'Annalise Johnston', '832.523.2277', '2017-02-13 20:03:55', '2017-02-13 20:03:55'),
(697, 'Prof. Myles Balistreri', '708-992-4177', '2017-02-13 20:03:55', '2017-02-13 20:03:55'),
(698, 'Abdiel Dibbert', '1-335-618-0711', '2017-02-13 20:03:55', '2017-02-13 20:03:55'),
(699, 'Dr. Amina Windler', '(491) 619-0522 x850', '2017-02-13 20:03:55', '2017-02-13 20:03:55'),
(700, 'Dr. Fiona Jacobs V', '+1-245-887-2006', '2017-02-13 20:03:55', '2017-02-13 20:03:55'),
(701, 'Lori Jacobson', '(508) 576-4492 x4927', '2017-02-13 20:03:55', '2017-02-13 20:03:55'),
(702, 'Ms. Lillie Schowalter MD', '+1.224.790.9503', '2017-02-13 20:03:55', '2017-02-13 20:03:55'),
(703, 'Cordie Parisian', '1-905-270-3695 x79941', '2017-02-13 20:03:55', '2017-02-13 20:03:55'),
(704, 'Cathy Lang', '358-637-8126 x77566', '2017-02-13 20:03:56', '2017-02-13 20:03:56'),
(716, 'Jimmie Metz', '+1.576.755.1072', '2017-02-13 21:52:38', '2017-02-13 21:52:38'),
(717, 'Ottilie Collier III', '806.888.5772', '2017-02-13 21:52:38', '2017-02-13 21:52:38'),
(718, 'Daija Ziemann IV', '+1-376-979-9215', '2017-02-13 21:52:38', '2017-02-13 21:52:38'),
(719, 'Mr. Carter Bode PhD', '1-627-701-4818 x31819', '2017-02-13 21:52:38', '2017-02-13 21:52:38'),
(720, 'Amara Prohaska', '787-925-8567 x879', '2017-02-13 21:52:38', '2017-02-13 21:52:38'),
(721, 'Demond Jaskolski', '901.292.2708 x5725', '2017-02-13 21:52:38', '2017-02-13 21:52:38'),
(722, 'Ms. Holly Zieme DVM', '+1.851.827.7723', '2017-02-13 21:52:38', '2017-02-13 21:52:38'),
(723, 'Drew Ernser', '1-683-860-9105 x6314', '2017-02-13 21:52:38', '2017-02-13 21:52:38'),
(724, 'Ryleigh Durgan', '1-523-317-0354 x04329', '2017-02-13 21:52:38', '2017-02-13 21:52:38'),
(725, 'Mariam Schumm II', '+1 (742) 267-8116', '2017-02-13 21:52:39', '2017-02-13 21:52:39'),
(737, 'Doyle Ziemann', '(297) 241-1010', '2017-02-13 21:59:43', '2017-02-13 21:59:43'),
(738, 'Nola Schumm', '+17167318544', '2017-02-13 21:59:43', '2017-02-13 21:59:43'),
(739, 'Ayana Armstrong DVM', '931-484-5053', '2017-02-13 21:59:43', '2017-02-13 21:59:43'),
(740, 'Simone Marks Jr.', '770.991.2122 x160', '2017-02-13 21:59:43', '2017-02-13 21:59:43'),
(741, 'Aron Ernser', '803-636-0949 x970', '2017-02-13 21:59:43', '2017-02-13 21:59:43'),
(742, 'Dannie Powlowski', '467.848.4467', '2017-02-13 21:59:44', '2017-02-13 21:59:44'),
(743, 'Andreane Dicki', '1-537-539-7344', '2017-02-13 21:59:44', '2017-02-13 21:59:44'),
(744, 'Dr. Dangelo Quitzon Jr.', '(984) 621-7552 x864', '2017-02-13 21:59:44', '2017-02-13 21:59:44'),
(745, 'Meredith Willms', '276.487.1572 x540', '2017-02-13 21:59:44', '2017-02-13 21:59:44'),
(746, 'Ms. Birdie Schultz', '664.686.9448', '2017-02-13 21:59:44', '2017-02-13 21:59:44'),
(758, 'Prof. Gillian Veum', '(694) 966-7858', '2017-02-13 22:06:30', '2017-02-13 22:06:30'),
(759, 'Rosina Schamberger', '706-207-4432 x9545', '2017-02-13 22:06:30', '2017-02-13 22:06:30'),
(760, 'Erica Sanford', '+1 (714) 415-1157', '2017-02-13 22:06:30', '2017-02-13 22:06:30'),
(761, 'Emmanuelle Dibbert DVM', '(734) 376-5787', '2017-02-13 22:06:30', '2017-02-13 22:06:30'),
(762, 'Miss Celestine Gottlieb', '(814) 381-9241 x795', '2017-02-13 22:06:31', '2017-02-13 22:06:31'),
(763, 'Heather Runolfsdottir', '816-391-2676 x86103', '2017-02-13 22:06:31', '2017-02-13 22:06:31'),
(764, 'Dr. Jerod Nitzsche', '1-578-857-9186 x98162', '2017-02-13 22:06:31', '2017-02-13 22:06:31'),
(765, 'Anthony Lynch', '+1-930-249-7046', '2017-02-13 22:06:31', '2017-02-13 22:06:31'),
(766, 'Tomasa Kunze', '236.854.5283 x4357', '2017-02-13 22:06:31', '2017-02-13 22:06:31'),
(767, 'Dr. Art Pfannerstill', '450-240-3496', '2017-02-13 22:06:31', '2017-02-13 22:06:31'),
(779, 'Lonie Heathcote III', '640.606.7204 x125', '2017-02-13 22:08:01', '2017-02-13 22:08:01'),
(780, 'Halle Hand', '313-490-4086 x03441', '2017-02-13 22:08:01', '2017-02-13 22:08:01'),
(781, 'Dewayne Altenwerth', '+1-402-646-1151', '2017-02-13 22:08:01', '2017-02-13 22:08:01'),
(782, 'Dr. Bo Abshire', '1-484-437-7453 x33761', '2017-02-13 22:08:01', '2017-02-13 22:08:01'),
(783, 'Ms. Creola Predovic', '(827) 794-9477 x6574', '2017-02-13 22:08:01', '2017-02-13 22:08:01'),
(784, 'Brock Langosh IV', '589-646-0172', '2017-02-13 22:08:01', '2017-02-13 22:08:01'),
(785, 'Jeff Gislason', '740-210-0450 x7222', '2017-02-13 22:08:01', '2017-02-13 22:08:01'),
(786, 'Sammie Lindgren', '1-931-883-4616 x54321', '2017-02-13 22:08:01', '2017-02-13 22:08:01'),
(787, 'Cory Bartell', '+1-537-513-0869', '2017-02-13 22:08:01', '2017-02-13 22:08:01'),
(788, 'Nat Watsica', '964-240-9864 x28148', '2017-02-13 22:08:02', '2017-02-13 22:08:02');

-- --------------------------------------------------------

--
-- Table structure for table `users`
--

CREATE TABLE `users` (
  `id` int(10) UNSIGNED NOT NULL,
  `name` varchar(128) COLLATE utf8mb4_unicode_ci NOT NULL,
  `email` varchar(128) COLLATE utf8mb4_unicode_ci NOT NULL,
  `password` varchar(128) COLLATE utf8mb4_unicode_ci NOT NULL,
  `remember_token` varchar(100) COLLATE utf8mb4_unicode_ci DEFAULT NULL,
  `created_at` timestamp NULL DEFAULT NULL,
  `updated_at` timestamp NULL DEFAULT NULL
) ENGINE=InnoDB DEFAULT CHARSET=utf8mb4 COLLATE=utf8mb4_unicode_ci;

--
-- Dumping data for table `users`
--

INSERT INTO `users` (`id`, `name`, `email`, `password`, `remember_token`, `created_at`, `updated_at`) VALUES
(653, 'berubah', 'eryn07@example.net', '$2y$10$3etfo3kZIB5JzEikmZplquO4dB/Oq3O8Q6/X6tlsMS2x4qahcEjzW', '5y6qOkaf12', '2017-02-13 19:06:46', '2017-02-15 19:29:15'),
(654, 'Austyn Homenick', 'angel.bode@example.net', '$2y$10$QzWRoaHm1kBSBhk09KTFf.49.6RgFCIo1nKSUxaYocs4yrbvUUGUa', 'WdIcOioUf3', '2017-02-13 19:06:46', '2017-02-13 19:06:46'),
(655, 'Germaine Wolf', 'lempi.thompson@example.org', '$2y$10$06qECBDdVQW5ns8QZ5d3QOPWkkGTX3ndl95e5yiCVzmonK0aR/DHu', 'OHKZdorZGT', '2017-02-13 19:06:46', '2017-02-13 19:06:46'),
(656, 'Prof. Vivienne Bahringer', 'chettinger@example.net', '$2y$10$jP1AcmfVOHbM.xszH0AyHu7od4UUm8MITmioUj/sseRJPETlXp/E2', 'nz8MB3JcOH', '2017-02-13 19:06:46', '2017-02-13 19:06:46'),
(657, 'Orval Huels IV', 'madilyn84@example.net', '$2y$10$LJNGBLerzRHc4zaAJ0KGP.qfo0QiQyasmXymeWUf.Fe5pZeIOvpFq', 'KV0IzezXAk', '2017-02-13 19:06:46', '2017-02-13 19:06:46'),
(658, 'Nova Kuhlman', 'hilma80@example.net', '$2y$10$HHnNdJRUig2mhIyTnwMuPujtISN94fPbNchlrqhFpCoax0PKdoRvO', 'BZnnCOQJwE', '2017-02-13 19:06:47', '2017-02-13 19:06:47'),
(659, 'Jerad Sipes', 'regan06@example.org', '$2y$10$qYasojQfG194qDLk1SYGreD2pFDCFllwiPF8ykvTHSvUvWmULdf9G', 'cCB9CzPmuI', '2017-02-13 19:06:47', '2017-02-13 19:06:47'),
(660, 'Cornelius Brekke', 'raphaelle.osinski@example.net', '$2y$10$uQNZf88lbOPKpl6ijmdXkuQ8a1V5oXUywAShAkoh.YGFGDqjeAAZ6', 'MHs6GDiWg8', '2017-02-13 19:06:47', '2017-02-13 19:06:47'),
(661, 'Madisen Flatley', 'ole.shanahan@example.org', '$2y$10$gOnXWjo.zpI0t6ciaej/X.HliBK1iRa79pny0iv1W8jdqwPUSqrXy', 'WP6aQVKoSA', '2017-02-13 19:06:47', '2017-02-13 19:06:47'),
(662, 'Bethel Emard III', 'farrell.immanuel@example.net', '$2y$10$R9ZbOFQ6pTVL2VfEioa/5.W3ojD7a5hVhgvqafhdBClvLG2EWRt4u', 'eRWLkmuqHl', '2017-02-13 19:06:47', '2017-02-13 19:06:47'),
(663, 'Ja6DIHRFwU', 'hxqcolBqiD@gmail.com', '$2y$10$O9yvl/82Plb5Zcj4jMluIOuwARAaE7H0GknAs4QQ1KLZ3l6h09Mmq', NULL, NULL, NULL),
(664, 'Andreane Roberts IV', 'stanton.gabriella@example.net', '$2y$10$hHb8yqQwksx5YqMRLhnKs.Sl.LtRV08pjlHFsTYMBKO/SMcOBe1yW', 'uHrIQPGFVz', '2017-02-13 20:01:36', '2017-02-13 20:01:36'),
(665, 'Miss Madilyn Schmitt DDS', 'veum.vivianne@example.net', '$2y$10$hHb8yqQwksx5YqMRLhnKs.Sl.LtRV08pjlHFsTYMBKO/SMcOBe1yW', '3YNXhRikbG', '2017-02-13 20:01:36', '2017-02-13 20:01:36'),
(666, 'Nils Hagenes', 'nina77@example.org', '$2y$10$hHb8yqQwksx5YqMRLhnKs.Sl.LtRV08pjlHFsTYMBKO/SMcOBe1yW', 'g0sZJJHoNq', '2017-02-13 20:01:36', '2017-02-13 20:01:36'),
(667, 'Marilyne Greenfelder', 'dorn@example.com', '$2y$10$hHb8yqQwksx5YqMRLhnKs.Sl.LtRV08pjlHFsTYMBKO/SMcOBe1yW', 'fOFpOiqUnc', '2017-02-13 20:01:36', '2017-02-13 20:01:36'),
(668, 'Kassandra Schmitt DDS', 'nella21@example.org', '$2y$10$hHb8yqQwksx5YqMRLhnKs.Sl.LtRV08pjlHFsTYMBKO/SMcOBe1yW', 'c7HY7v5JTH', '2017-02-13 20:01:36', '2017-02-13 20:01:36'),
(669, 'Brannon Hirthe', 'franecki.robyn@example.com', '$2y$10$hHb8yqQwksx5YqMRLhnKs.Sl.LtRV08pjlHFsTYMBKO/SMcOBe1yW', 'RSvTomJpSA', '2017-02-13 20:01:36', '2017-02-13 20:01:36'),
(670, 'Cody Huels', 'bconnelly@example.org', '$2y$10$hHb8yqQwksx5YqMRLhnKs.Sl.LtRV08pjlHFsTYMBKO/SMcOBe1yW', 'oa2M5l3Hem', '2017-02-13 20:01:36', '2017-02-13 20:01:36'),
(671, 'Prof. Cecilia Ferry', 'dietrich.kayden@example.net', '$2y$10$hHb8yqQwksx5YqMRLhnKs.Sl.LtRV08pjlHFsTYMBKO/SMcOBe1yW', 'utYMTvYhDx', '2017-02-13 20:01:36', '2017-02-13 20:01:36'),
(672, 'Mathew Swift', 'susanna32@example.org', '$2y$10$hHb8yqQwksx5YqMRLhnKs.Sl.LtRV08pjlHFsTYMBKO/SMcOBe1yW', 'aIEcuozQED', '2017-02-13 20:01:36', '2017-02-13 20:01:36'),
(673, 'Alycia Kris III', 'zoe.bartell@example.com', '$2y$10$hHb8yqQwksx5YqMRLhnKs.Sl.LtRV08pjlHFsTYMBKO/SMcOBe1yW', 'sgPXWqxuXw', '2017-02-13 20:01:36', '2017-02-13 20:01:36'),
(674, 'Mr. Adrian Labadie', 'julien.graham@example.net', '$2y$10$rpPXQIUrDGg2ij61MRcVuOWCcPFS4tu7sGXthr/5QuO5PgpzgWYym', 'AXho9sunRv', '2017-02-13 20:01:37', '2017-02-13 20:01:37'),
(675, 'Prof. Ava Bayer', 'henry08@example.com', '$2y$10$vnOhTpPxIigSOSwrkzHDe.h/vBdxKWLqsL8mR5x4UURqXWm9Njl96', 'UOofYkv2FB', '2017-02-13 20:01:37', '2017-02-13 20:01:37'),
(676, 'Mr. Colt Hamill', 'jaydon.grady@example.net', '$2y$10$j3/gGJCyXL4xEBUHkLfcK.k2O0VHEbE/0f0WzxUhqOo5/1RvpOoPy', 'v0RIDG2pNk', '2017-02-13 20:01:37', '2017-02-13 20:01:37'),
(677, 'Rachael Schultz', 'neal25@example.net', '$2y$10$WV2OypFZetKEDZHizI9/HOFoy24hi5V/kTP9SRV0l19PsmMs9c.aC', '3xSQGZsqJy', '2017-02-13 20:01:37', '2017-02-13 20:01:37'),
(678, 'Prof. Vito McCullough', 'conn.rowland@example.com', '$2y$10$v1MSvX3zhMx21RnvpVN3D.6bBfk4arJCBBX0S3VcedwlIs0q7vd66', 'Puaj3DX1z6', '2017-02-13 20:01:37', '2017-02-13 20:01:37'),
(679, 'Mr. Vincent Kihn', 'gino52@example.com', '$2y$10$3Z6j2xId8P2mHGg0bc9DjOSC.TwVXYibySSzPuIma.lE3wHuxbbwe', '9l1MJPB5uX', '2017-02-13 20:01:37', '2017-02-13 20:01:37'),
(680, 'Ms. Cynthia Willms', 'hilpert.freeda@example.com', '$2y$10$A6TIP.JMqdja8JM.JB5/r.f8FrUmwKU8tDhZTydt/BAuJhypbB9oi', '1aJBi0gDZ4', '2017-02-13 20:01:37', '2017-02-13 20:01:37'),
(681, 'Delta Lind', 'chyna.macejkovic@example.org', '$2y$10$Nw0YMDK7DulEW1ZdWvhzs.cPHysUSpzSXntjNwKrhz6WbvU40uMJ2', '0NI9EGQq9E', '2017-02-13 20:01:37', '2017-02-13 20:01:37'),
(682, 'Aletha Towne', 'colton75@example.net', '$2y$10$yHIkoULjFCRQCIopXB4zOeHb/RxY4Aq1wXfXdvwWAoK8fB.c3wHry', 'qjbb5etxK4', '2017-02-13 20:01:37', '2017-02-13 20:01:37'),
(683, 'Maegan Moen', 'ghoeger@example.org', '$2y$10$rHknsK2sk4R856jAmqCykeAGGEocpHmqyl9XmaDROU5NSYiTR94eq', 'XcrlAknzIj', '2017-02-13 20:01:37', '2017-02-13 20:01:37'),
(684, 'qVjDuSQP4q', 'JXmjIKLTkD@gmail.com', '$2y$10$2uqrhy/nW9epB9vPM8tavesXGoqAO1XDwQouvo8XY74q.Rd0hCq5q', NULL, NULL, NULL),
(685, 'Hallie Klein IV', 'zsatterfield@example.net', '$2y$10$r47qp5S1BuMl3FdZ3L54meVMyXzndh8Z4sI8coPZDpADyLQ6nGUQa', 'h3Y6kVWiNn', '2017-02-13 20:03:54', '2017-02-13 20:03:54'),
(686, 'Moises Funk', 'neva.wyman@example.net', '$2y$10$r47qp5S1BuMl3FdZ3L54meVMyXzndh8Z4sI8coPZDpADyLQ6nGUQa', 'CFlRCCYKQA', '2017-02-13 20:03:54', '2017-02-13 20:03:54'),
(687, 'Prof. Augustine Kuhic II', 'oswift@example.net', '$2y$10$r47qp5S1BuMl3FdZ3L54meVMyXzndh8Z4sI8coPZDpADyLQ6nGUQa', '22nB2C17rE', '2017-02-13 20:03:54', '2017-02-13 20:03:54'),
(688, 'Sierra Kirlin PhD', 'qfunk@example.com', '$2y$10$r47qp5S1BuMl3FdZ3L54meVMyXzndh8Z4sI8coPZDpADyLQ6nGUQa', 'ALo2seUJbx', '2017-02-13 20:03:54', '2017-02-13 20:03:54'),
(689, 'Jules D\'Amore', 'antoinette22@example.com', '$2y$10$r47qp5S1BuMl3FdZ3L54meVMyXzndh8Z4sI8coPZDpADyLQ6nGUQa', 'KuXuvCvihp', '2017-02-13 20:03:54', '2017-02-13 20:03:54'),
(690, 'Mrs. Alvina Wyman II', 'heathcote.selmer@example.com', '$2y$10$r47qp5S1BuMl3FdZ3L54meVMyXzndh8Z4sI8coPZDpADyLQ6nGUQa', 'reoPlCmzVB', '2017-02-13 20:03:55', '2017-02-13 20:03:55'),
(691, 'Dr. Rodger Murazik', 'esta82@example.org', '$2y$10$r47qp5S1BuMl3FdZ3L54meVMyXzndh8Z4sI8coPZDpADyLQ6nGUQa', 'cYET9qvWQo', '2017-02-13 20:03:55', '2017-02-13 20:03:55'),
(692, 'Jasen Grimes Sr.', 'urban.weissnat@example.org', '$2y$10$r47qp5S1BuMl3FdZ3L54meVMyXzndh8Z4sI8coPZDpADyLQ6nGUQa', 'WQwvhtFKrG', '2017-02-13 20:03:55', '2017-02-13 20:03:55'),
(693, 'Nina Cole', 'wschamberger@example.org', '$2y$10$r47qp5S1BuMl3FdZ3L54meVMyXzndh8Z4sI8coPZDpADyLQ6nGUQa', '6krlV43oTr', '2017-02-13 20:03:55', '2017-02-13 20:03:55'),
(694, 'Wilhelmine Goldner', 'wspinka@example.net', '$2y$10$r47qp5S1BuMl3FdZ3L54meVMyXzndh8Z4sI8coPZDpADyLQ6nGUQa', '7S5rWbDMJH', '2017-02-13 20:03:55', '2017-02-13 20:03:55'),
(695, 'William Jones', 'whaag@example.org', '$2y$10$qUD1pk9xMaFLODGgiwCffef9plBNjbMrwbt5UjCd5/IUC18PLti2C', 'jumG8EKeiP', '2017-02-13 20:03:55', '2017-02-13 20:03:55'),
(696, 'Miss Elaina Fadel V', 'donnelly.ronny@example.com', '$2y$10$y0WIltnr94af71F7gQhxpezIy1K0fxJJ47lonvYrmWF5r344KpWZ6', 'Z0NkvxknMn', '2017-02-13 20:03:55', '2017-02-13 20:03:55'),
(697, 'Damien Mitchell', 'alena39@example.com', '$2y$10$gqD2Ci0hixhVMkpxHe1cY.Ltt.vGxuiD185GnMUrCMyqGIeK1y0Fq', '27npvxhbgC', '2017-02-13 20:03:55', '2017-02-13 20:03:55'),
(698, 'Kaycee Walter DVM', 'laila88@example.org', '$2y$10$1pl7HYqExS9SoHYK4b006uZclTawaLsiRqeUuw9iksNLsuLJ7erbq', 'hE9tHdd8Rr', '2017-02-13 20:03:55', '2017-02-13 20:03:55'),
(699, 'Jasper Cartwright', 'julien67@example.com', '$2y$10$red7Rdt/qT.HmbICAk4ZEuf8nOZ7TjVOhoZBniuD./e/9gHNBDxMy', 'JP4hkmR8nC', '2017-02-13 20:03:55', '2017-02-13 20:03:55'),
(700, 'Maximus Kreiger', 'asia13@example.com', '$2y$10$w6aDxIWYjhAKKMq4TtE3GeBMRSw0DgZY3t15ElKfs/6FNAkJDnOEm', '3GWOEi0X44', '2017-02-13 20:03:55', '2017-02-13 20:03:55'),
(701, 'Mario Wolf', 'blair38@example.com', '$2y$10$tPJEDd2cUYDpBg0T.0Mp.O/6DGEB9x/gaAAIiJ3CANnPjKby/pt1.', 'CXqwLiKBmr', '2017-02-13 20:03:55', '2017-02-13 20:03:55'),
(702, 'Dayne Lebsack', 'sister09@example.org', '$2y$10$EnLzX0f.GB.HPtlEKq8x8umiB9rDt98mxhQY931.2Dtqqmt/QHOLW', 'brI52zINES', '2017-02-13 20:03:55', '2017-02-13 20:03:55'),
(703, 'Aracely DuBuque', 'owatsica@example.com', '$2y$10$UBIQVc7MHTs2PADCUFgAm.FxmqwgiduW6Kh1awsXmikaqA9566Lpm', 'Q5u3yhmGze', '2017-02-13 20:03:55', '2017-02-13 20:03:55'),
(704, 'Alene Durgan', 'dawson.witting@example.net', '$2y$10$.0q.pnFBqmd1FB5yRSJrL.UMpCaqEyKKL10MoG2K2Q/CjZT7TNFOy', 'VF0S8hXe1y', '2017-02-13 20:03:56', '2017-02-13 20:03:56'),
(705, 'NV0yJmhoPZ', 'hT5bywqhQO@gmail.com', '$2y$10$w5jcWaHo1Z87t8iMFmre1O.aht3YnCllntbXLK9.RbozXeybrylrW', NULL, NULL, NULL),
(706, 'Meghan O\'Keefe', 'ahoppe@example.net', '$2y$10$FdZfW1SdayMgboQp4Lj8wefeMmU9BSknXe11FEYhPwvJ/hlbpUxSy', 'OJLJaQFVYq', '2017-02-13 21:52:38', '2017-02-13 21:52:38'),
(707, 'Priscilla Gottlieb', 'glenda.cartwright@example.com', '$2y$10$FdZfW1SdayMgboQp4Lj8wefeMmU9BSknXe11FEYhPwvJ/hlbpUxSy', 'zn5QavE9e1', '2017-02-13 21:52:38', '2017-02-13 21:52:38'),
(708, 'Nelle Halvorson', 'juston.sauer@example.net', '$2y$10$FdZfW1SdayMgboQp4Lj8wefeMmU9BSknXe11FEYhPwvJ/hlbpUxSy', 'N5hYdv8gvs', '2017-02-13 21:52:38', '2017-02-13 21:52:38'),
(709, 'Elinor Larkin', 'yasmeen06@example.net', '$2y$10$FdZfW1SdayMgboQp4Lj8wefeMmU9BSknXe11FEYhPwvJ/hlbpUxSy', 'sJKL99HKjo', '2017-02-13 21:52:38', '2017-02-13 21:52:38'),
(710, 'Prof. Darron Langworth DDS', 'maryjane.beer@example.net', '$2y$10$FdZfW1SdayMgboQp4Lj8wefeMmU9BSknXe11FEYhPwvJ/hlbpUxSy', 'Wuv42nTOab', '2017-02-13 21:52:38', '2017-02-13 21:52:38'),
(711, 'Howard Douglas', 'sonia85@example.org', '$2y$10$FdZfW1SdayMgboQp4Lj8wefeMmU9BSknXe11FEYhPwvJ/hlbpUxSy', 'l1w0DuyGf5', '2017-02-13 21:52:38', '2017-02-13 21:52:38'),
(712, 'Mr. Don Buckridge V', 'rkeeling@example.org', '$2y$10$FdZfW1SdayMgboQp4Lj8wefeMmU9BSknXe11FEYhPwvJ/hlbpUxSy', 'FTSC8qumau', '2017-02-13 21:52:38', '2017-02-13 21:52:38'),
(713, 'Sierra Dickinson', 'hwilliamson@example.net', '$2y$10$FdZfW1SdayMgboQp4Lj8wefeMmU9BSknXe11FEYhPwvJ/hlbpUxSy', 'p1EqOsWjob', '2017-02-13 21:52:38', '2017-02-13 21:52:38'),
(714, 'Elinor Barton', 'arnold.cartwright@example.net', '$2y$10$FdZfW1SdayMgboQp4Lj8wefeMmU9BSknXe11FEYhPwvJ/hlbpUxSy', 'p5q9H3QH9U', '2017-02-13 21:52:38', '2017-02-13 21:52:38'),
(715, 'Dr. Bertram Gaylord', 'danial.grady@example.net', '$2y$10$FdZfW1SdayMgboQp4Lj8wefeMmU9BSknXe11FEYhPwvJ/hlbpUxSy', '3BbQA5hghJ', '2017-02-13 21:52:38', '2017-02-13 21:52:38'),
(716, 'Derek Toy', 'zfarrell@example.org', '$2y$10$nRqysZNVZ38jV/zW/Gneaejuf2UhN3P4ub1n8CBZ4pRHlohwpIbt2', 'c3s0hJloXk', '2017-02-13 21:52:38', '2017-02-13 21:52:38'),
(717, 'Adell Cummings', 'fleta.smith@example.com', '$2y$10$3FgXV0Y2GxZhjtLsE4HOg.P0T41qQjnRodnH49rcZWbQmlIS/eLVK', 'c8U31hHtJp', '2017-02-13 21:52:38', '2017-02-13 21:52:38'),
(718, 'Dayna Weber PhD', 'huels.verla@example.org', '$2y$10$GwNlFqxpaMBClb/QEMBrb.NgzOmnfQ5lBSUmOfp1ZyRLod93bV9Qy', 'a5f9LqpDhg', '2017-02-13 21:52:38', '2017-02-13 21:52:38'),
(719, 'Adriel Jacobs', 'kunde.elta@example.net', '$2y$10$2n5fPnz8CzW1s73n/2nwT.NGRHlnBpplHAbrLtjs1rg/mq/AXSnC.', 'arylaykjRQ', '2017-02-13 21:52:38', '2017-02-13 21:52:38'),
(720, 'Macy McCullough', 'gmurray@example.com', '$2y$10$QSKLVkapjCyl80ydOrq7SeQn3spqpuf8hH6BPIoYRywgLJDlAW2AC', 'lJ5atlhyYE', '2017-02-13 21:52:38', '2017-02-13 21:52:38'),
(721, 'Vergie Kemmer', 'jamaal.ratke@example.org', '$2y$10$PpSlHOwa8GgnqazenshwoevciJH69tHYYzBypCnpyxlPBVJBtSQ4G', 'JymsaVOlov', '2017-02-13 21:52:38', '2017-02-13 21:52:38'),
(722, 'Mr. Major McDermott Jr.', 'mercedes.johns@example.org', '$2y$10$qzMVCjJzAvM5xrpUPnGDs./.asP9IKwhhAcmqX5glFv6aLCZgDy8.', 'MFbXYQDhFU', '2017-02-13 21:52:38', '2017-02-13 21:52:38'),
(723, 'Juvenal Hudson', 'champlin.hadley@example.org', '$2y$10$26osdgHTyi/FHjGTvciRdeNbn2mhQtaQv5lNk8rICXwK7h7wYpNQq', 'NP90dQaUKq', '2017-02-13 21:52:38', '2017-02-13 21:52:38'),
(724, 'Theodore Corwin', 'jada38@example.org', '$2y$10$gbK1An3T.L3m5OhXGtazvOzKWyQ7uuuJBTF0UlU3YY8pUcFN628xC', 'uyNaAtStfE', '2017-02-13 21:52:38', '2017-02-13 21:52:38'),
(725, 'Solon Boyer', 'jeanne.ondricka@example.com', '$2y$10$5L7uAzGvkQFfys8m/u6z3ev6LqiP0QIf/PCQd/3M4MJP4abhMlRHC', '9V0I9y8zd8', '2017-02-13 21:52:39', '2017-02-13 21:52:39'),
(726, 'IvKHIqRDoA', 'eHd3xnrh6q@gmail.com', '$2y$10$Q3UlQOrhvwRwq7VqbhhU8OZwCgN3vpO6lIcdkMlyfOPMJnaW4.5Am', NULL, NULL, NULL),
(727, 'Keven Hermann', 'frederik89@example.org', '$2y$10$.UGR7gfOCIWvu3y.7PKoM.EckjqRatkymETGV56/R4f1yBo5r.Fti', 'ER66koZ6Cd', '2017-02-13 21:59:43', '2017-02-13 21:59:43'),
(728, 'Laney Strosin', 'chesley98@example.org', '$2y$10$.UGR7gfOCIWvu3y.7PKoM.EckjqRatkymETGV56/R4f1yBo5r.Fti', 'Dt1SUjt3NO', '2017-02-13 21:59:43', '2017-02-13 21:59:43'),
(729, 'Dr. Claudia Heller DDS', 'armstrong.royal@example.org', '$2y$10$.UGR7gfOCIWvu3y.7PKoM.EckjqRatkymETGV56/R4f1yBo5r.Fti', 'UglrXLvKFx', '2017-02-13 21:59:43', '2017-02-13 21:59:43'),
(730, 'Marley Dicki', 'brekke.houston@example.net', '$2y$10$.UGR7gfOCIWvu3y.7PKoM.EckjqRatkymETGV56/R4f1yBo5r.Fti', 'LlZf5jnY9l', '2017-02-13 21:59:43', '2017-02-13 21:59:43'),
(731, 'Dr. Anibal Mills', 'lionel13@example.org', '$2y$10$.UGR7gfOCIWvu3y.7PKoM.EckjqRatkymETGV56/R4f1yBo5r.Fti', '7kqmRDNY43', '2017-02-13 21:59:43', '2017-02-13 21:59:43'),
(732, 'Prof. Alberto Dickens DVM', 'marisol.reichert@example.org', '$2y$10$.UGR7gfOCIWvu3y.7PKoM.EckjqRatkymETGV56/R4f1yBo5r.Fti', 'ibaICNhusP', '2017-02-13 21:59:43', '2017-02-13 21:59:43'),
(733, 'Dr. Roderick Macejkovic', 'megane.hartmann@example.com', '$2y$10$.UGR7gfOCIWvu3y.7PKoM.EckjqRatkymETGV56/R4f1yBo5r.Fti', 'SdtMN4UsKD', '2017-02-13 21:59:43', '2017-02-13 21:59:43'),
(734, 'Dr. Aditya Kunde DDS', 'torp.emery@example.org', '$2y$10$.UGR7gfOCIWvu3y.7PKoM.EckjqRatkymETGV56/R4f1yBo5r.Fti', 'StnjlTiY4r', '2017-02-13 21:59:43', '2017-02-13 21:59:43'),
(735, 'Mrs. Sylvia Schmitt IV', 'vhaag@example.net', '$2y$10$.UGR7gfOCIWvu3y.7PKoM.EckjqRatkymETGV56/R4f1yBo5r.Fti', 'J0sAZ5DyB2', '2017-02-13 21:59:43', '2017-02-13 21:59:43'),
(736, 'Miss Magdalena Stamm II', 'jovany37@example.net', '$2y$10$.UGR7gfOCIWvu3y.7PKoM.EckjqRatkymETGV56/R4f1yBo5r.Fti', 'FDLf5g4w64', '2017-02-13 21:59:43', '2017-02-13 21:59:43'),
(737, 'Mr. Dejuan Fisher MD', 'kuphal.vanessa@example.net', '$2y$10$mXNiPXTt8K8N3GhjaLo.ceHAFLNrIdvBuNkywotsX5Yz2knf0CW4S', 'CbAAEwiCF9', '2017-02-13 21:59:43', '2017-02-13 21:59:43'),
(738, 'Cleo Ondricka', 'ratke.louisa@example.org', '$2y$10$3p5yfP85gQxPrdduvh30W.O14cQBySxt7X0rtea5SGczlwwlcs1VW', 'g71PLpKsWI', '2017-02-13 21:59:43', '2017-02-13 21:59:43'),
(739, 'Velva Simonis', 'ekuhic@example.org', '$2y$10$/I7VhLzIR0uuTud0xcegueqR7.wObZZcN7AaGOiMw4DoS6xHTMg6a', 'UQOujJLXkL', '2017-02-13 21:59:43', '2017-02-13 21:59:43'),
(740, 'Dandre Skiles', 'little.walker@example.net', '$2y$10$0pOXrlKugOByITuf4WzlvePZdkUhLsUMxAdazWSXmEXR39KfZTpp6', 'EuTolBq9EW', '2017-02-13 21:59:43', '2017-02-13 21:59:43'),
(741, 'Magnolia Block', 'jedidiah.roberts@example.com', '$2y$10$JDt9tDDYYONu9spkA642q.G.KJd0re.u/DngsnBlGuEv31oTtory2', 'gdoScNSAUk', '2017-02-13 21:59:43', '2017-02-13 21:59:43'),
(742, 'Valentine Pfeffer', 'alphonso30@example.org', '$2y$10$AGtsF09FrU83S7PDyJQZyOsFVljvtevYxmxadFL.lGMLyjq7JH2gG', 'rf7DKNEzfb', '2017-02-13 21:59:44', '2017-02-13 21:59:44'),
(743, 'Esther Roberts', 'ernest70@example.org', '$2y$10$yl4.47mWyDz8tfocRphHxeIj9qZap9sdMdIjgXkPPuYO.C/by/uj.', 'XoMQ3GC9oS', '2017-02-13 21:59:44', '2017-02-13 21:59:44'),
(744, 'Dr. Erica Schulist', 'vgislason@example.net', '$2y$10$MTjr6jBGwidRlGYhLlXl5eHfn8E5xR0pe3YIDSLbyN5aI05AnO1r2', 'ZkVmX7rKFs', '2017-02-13 21:59:44', '2017-02-13 21:59:44'),
(745, 'Mohamed Mohr II', 'laurence.armstrong@example.org', '$2y$10$u7LCl1tVbMSousPCIA0dCu9VsqJI0s4pWXgmLWYkhJRSAJPxO34Vi', '77MusWH7IA', '2017-02-13 21:59:44', '2017-02-13 21:59:44'),
(746, 'Wilfredo Buckridge', 'lia30@example.com', '$2y$10$mevdfaxpoMe98EYRejBWze8w.z4Ld/gCWZlbv.Ojn4jkK7yXo4tSi', 'qausScMA5M', '2017-02-13 21:59:44', '2017-02-13 21:59:44'),
(747, 's3Jyjfrzpu', '0HZAQHmaEX@gmail.com', '$2y$10$5SDTnPxewHPIXHXnOnFUb.kxLqgeN1Y1pcn9E1VYjC8o5dArLMqYy', NULL, NULL, NULL),
(748, 'Tracey Rutherford', 'corkery.taurean@example.net', '$2y$10$BkbzHrK/BdOr0w4HxoRoV.PpUPVMqVQRsMbI1/NPiOVJgs2KLD.Um', 'cd2S3XylqR', '2017-02-13 22:06:30', '2017-02-13 22:06:30'),
(749, 'Emmie Ward I', 'ransom02@example.org', '$2y$10$BkbzHrK/BdOr0w4HxoRoV.PpUPVMqVQRsMbI1/NPiOVJgs2KLD.Um', 'Q4Al4jwIwb', '2017-02-13 22:06:30', '2017-02-13 22:06:30'),
(750, 'Magali Mosciski PhD', 'colt.trantow@example.net', '$2y$10$BkbzHrK/BdOr0w4HxoRoV.PpUPVMqVQRsMbI1/NPiOVJgs2KLD.Um', 'Tj34aqYQCi', '2017-02-13 22:06:30', '2017-02-13 22:06:30'),
(751, 'Derek Osinski', 'schmitt.lafayette@example.com', '$2y$10$BkbzHrK/BdOr0w4HxoRoV.PpUPVMqVQRsMbI1/NPiOVJgs2KLD.Um', '0hkH3OwK6i', '2017-02-13 22:06:30', '2017-02-13 22:06:30'),
(752, 'Roosevelt Fritsch', 'lloyd02@example.com', '$2y$10$BkbzHrK/BdOr0w4HxoRoV.PpUPVMqVQRsMbI1/NPiOVJgs2KLD.Um', 'tahVHQrecX', '2017-02-13 22:06:30', '2017-02-13 22:06:30'),
(753, 'Mrs. Deja Corwin Sr.', 'reid.pfeffer@example.com', '$2y$10$BkbzHrK/BdOr0w4HxoRoV.PpUPVMqVQRsMbI1/NPiOVJgs2KLD.Um', 'B7H0JAz4Dy', '2017-02-13 22:06:30', '2017-02-13 22:06:30'),
(754, 'Dr. Burley Gaylord V', 'jo89@example.net', '$2y$10$BkbzHrK/BdOr0w4HxoRoV.PpUPVMqVQRsMbI1/NPiOVJgs2KLD.Um', 'P9mgxF62HR', '2017-02-13 22:06:30', '2017-02-13 22:06:30'),
(755, 'Mrs. Era Spinka DDS', 'theo.bode@example.org', '$2y$10$BkbzHrK/BdOr0w4HxoRoV.PpUPVMqVQRsMbI1/NPiOVJgs2KLD.Um', 'UNeFET5vE2', '2017-02-13 22:06:30', '2017-02-13 22:06:30'),
(756, 'Miss Alisa Kiehn PhD', 'gwendolyn53@example.com', '$2y$10$BkbzHrK/BdOr0w4HxoRoV.PpUPVMqVQRsMbI1/NPiOVJgs2KLD.Um', 'WRyJZvNfYS', '2017-02-13 22:06:30', '2017-02-13 22:06:30'),
(757, 'Hyman Bartoletti', 'daniel.dana@example.org', '$2y$10$BkbzHrK/BdOr0w4HxoRoV.PpUPVMqVQRsMbI1/NPiOVJgs2KLD.Um', 'g3BUYD1n9d', '2017-02-13 22:06:30', '2017-02-13 22:06:30'),
(758, 'Dr. Gisselle Grady I', 'smetz@example.com', '$2y$10$teSdU3qg6JQpmWbFFL1HSOPH1jO3zT6wbHvY6YpkMhbs4b2Xp9dFS', '9SfMdLMflb', '2017-02-13 22:06:30', '2017-02-13 22:06:30'),
(759, 'Edyth Mueller', 'eryn65@example.org', '$2y$10$9Sz0qFDa8sz6YG42Ii9x3OWsI/1UFmd4z0VhX3KaTHA4pQ2C7.yP2', 'H7Od2cBslC', '2017-02-13 22:06:30', '2017-02-13 22:06:30'),
(760, 'Miss Lois Oberbrunner', 'ashlee.hackett@example.com', '$2y$10$k5/kBio49qT/gcxlP3dPy.oAGwFfENmysWdneXC2dYHIj2L8jf40i', 'B0BcbxHWWz', '2017-02-13 22:06:30', '2017-02-13 22:06:30'),
(761, 'Adele Jacobi', 'jacobi.hattie@example.org', '$2y$10$kiNMJWucthCNDzIBUI2c5eXkfKNshZNCbdDg6NyDHDknNcyTfnW2e', 'G8GbT6muRx', '2017-02-13 22:06:30', '2017-02-13 22:06:30'),
(762, 'Trace Kertzmann', 'huels.eugenia@example.net', '$2y$10$NZ65uxdVE8BHuk0f94MudeoODQvE09G9oVKo/MslQw9gwomcTbYui', 'gACff8QPET', '2017-02-13 22:06:31', '2017-02-13 22:06:31'),
(763, 'Chandler Hahn II', 'edoyle@example.com', '$2y$10$Uorznc6j1ZXZ5H/EhoQhkOWhl8nNluFLJ0Q3u.UjVKhBT15KbetlK', 'xzmR9hgGCC', '2017-02-13 22:06:31', '2017-02-13 22:06:31'),
(764, 'Shanie Paucek', 'kcollins@example.org', '$2y$10$Q6vDzKOuRvDqxmIWC0UfaOiFfwAxJR0uSXqrkdW8eFg/WTedS9Z6S', 'V5S4zHeIVn', '2017-02-13 22:06:31', '2017-02-13 22:06:31'),
(765, 'Miss Krystina Turner', 'forest.morar@example.org', '$2y$10$loCqhKxOkuGYw4UXj1loj..Vu9/dB/ex.zZIkxGnwhumzgYf2gMvG', 'zLYrtEewwZ', '2017-02-13 22:06:31', '2017-02-13 22:06:31'),
(766, 'Prof. Cole Wintheiser PhD', 'germaine.aufderhar@example.com', '$2y$10$ygn81KOr5BDycN0kyqU6r.zXW05hrGdpB7wXFYT.y01EMVe5IWySe', 'b1OBrjet0G', '2017-02-13 22:06:31', '2017-02-13 22:06:31'),
(767, 'Miss Selena Crona DVM', 'rene37@example.org', '$2y$10$v5LVSe50uqsR9t5ZIjWsDewFo5ymnqGcVKqhkRn3xbIh/F2evJczm', 'iK00ODotfC', '2017-02-13 22:06:31', '2017-02-13 22:06:31'),
(768, 'Gfws6tZKzj', 'vN5XC0WTv7@gmail.com', '$2y$10$DHrz6P3wnvQfOj0Na3MOxekNHh2qcIXugyaStWlfxEcwUzLrp7luW', NULL, NULL, NULL),
(769, 'Candida Graham', 'anabel.ledner@example.com', '$2y$10$kq2hIsPVivgHvFCSVrHe6u1ezZ7DTAnrZPaktsDBUqFzOPQndpCii', 'cnk9AW6D71', '2017-02-13 22:08:00', '2017-02-13 22:08:00'),
(770, 'Mr. Korbin Cremin III', 'wunsch.winston@example.com', '$2y$10$kq2hIsPVivgHvFCSVrHe6u1ezZ7DTAnrZPaktsDBUqFzOPQndpCii', 'crEeu8imJh', '2017-02-13 22:08:01', '2017-02-13 22:08:01'),
(771, 'Jordyn Buckridge I', 'dibbert.kolby@example.com', '$2y$10$kq2hIsPVivgHvFCSVrHe6u1ezZ7DTAnrZPaktsDBUqFzOPQndpCii', 'Q8ShedUq9E', '2017-02-13 22:08:01', '2017-02-13 22:08:01'),
(772, 'Anibal Monahan', 'dwolff@example.org', '$2y$10$kq2hIsPVivgHvFCSVrHe6u1ezZ7DTAnrZPaktsDBUqFzOPQndpCii', 'PAnBjgAAdH', '2017-02-13 22:08:01', '2017-02-13 22:08:01'),
(773, 'Mrs. Thea Kiehn', 'akling@example.com', '$2y$10$kq2hIsPVivgHvFCSVrHe6u1ezZ7DTAnrZPaktsDBUqFzOPQndpCii', 'tBlQXwvXms', '2017-02-13 22:08:01', '2017-02-13 22:08:01'),
(774, 'Ms. Ashleigh Little PhD', 'adalberto07@example.com', '$2y$10$kq2hIsPVivgHvFCSVrHe6u1ezZ7DTAnrZPaktsDBUqFzOPQndpCii', 'LepUGiol5K', '2017-02-13 22:08:01', '2017-02-13 22:08:01'),
(775, 'Tre Gorczany', 'paul12@example.net', '$2y$10$kq2hIsPVivgHvFCSVrHe6u1ezZ7DTAnrZPaktsDBUqFzOPQndpCii', '9CZcQRB8gq', '2017-02-13 22:08:01', '2017-02-13 22:08:01'),
(776, 'Alexandre Tromp', 'qheller@example.org', '$2y$10$kq2hIsPVivgHvFCSVrHe6u1ezZ7DTAnrZPaktsDBUqFzOPQndpCii', 'jqZ4TIib7w', '2017-02-13 22:08:01', '2017-02-13 22:08:01'),
(777, 'Emmy Bernier', 'apfannerstill@example.org', '$2y$10$kq2hIsPVivgHvFCSVrHe6u1ezZ7DTAnrZPaktsDBUqFzOPQndpCii', 'ZKQ6vOfu0N', '2017-02-13 22:08:01', '2017-02-13 22:08:01'),
(778, 'Dr. Giovanni Kub', 'wbogisich@example.net', '$2y$10$kq2hIsPVivgHvFCSVrHe6u1ezZ7DTAnrZPaktsDBUqFzOPQndpCii', 'u1FyVyEe0C', '2017-02-13 22:08:01', '2017-02-13 22:08:01'),
(779, 'Dr. Jeremy Dickens V', 'cabshire@example.org', '$2y$10$OIFOfZc4rCbKOG8VgwWNfuL7gOjnGPOprBkCtWjSLp0m7MZKrKC6G', 'mDItca3awh', '2017-02-13 22:08:01', '2017-02-13 22:08:01'),
(780, 'Johnny Quitzon DDS', 'tullrich@example.org', '$2y$10$O8uxDk3x8t0O3svi54plruxQIfL0UlEMC8FNUv7wLmucMcF1eNyTq', 'IDhR0Oqe3r', '2017-02-13 22:08:01', '2017-02-13 22:08:01'),
(781, 'Alberto Tromp', 'oconner.delilah@example.org', '$2y$10$Ru/cXiXVScJyU3ZRADKsROP7Bakdy8qHJ3sDM8HI97zfN5ZwL9.me', '0euusN3SCF', '2017-02-13 22:08:01', '2017-02-13 22:08:01'),
(782, 'Prof. Kelsi Dare MD', 'gorczany.lucienne@example.org', '$2y$10$qk9OlpOzJSZIotvjj1DB9eJHmv11RcpS/IyqM3qu.8WalMg.PK90S', 'ZS6OZS7kgI', '2017-02-13 22:08:01', '2017-02-13 22:08:01'),
(783, 'Sydnee Medhurst', 'opowlowski@example.net', '$2y$10$vb/03BWR2KkK6NVlNzncUun93P/a5gWx5NX3oqQQcGS6VmlXZcsr6', '4HD3jRTPbn', '2017-02-13 22:08:01', '2017-02-13 22:08:01'),
(784, 'Jeramy Harris MD', 'garnett83@example.net', '$2y$10$TPETm0ZUEx92WyPKLy0MDeQRiMokYnQa/MlfQE1l6Cay02KN9y/Tu', 'xbjXFhgnG6', '2017-02-13 22:08:01', '2017-02-13 22:08:01'),
(785, 'Mr. Elbert Feil V', 'ella.grady@example.net', '$2y$10$GavIWRuC.RdAg5gOwWYJTeN956HiFpxXIB/nHuXL7bJ9F6vJc1B/6', '9IHMl9CMVU', '2017-02-13 22:08:01', '2017-02-13 22:08:01'),
(786, 'Darrick Simonis III', 'ullrich.brett@example.com', '$2y$10$qea4sCf3aybcpHAjkU9E3eKA5XGgBJe1DPxm.dgaTgAEgoPDdi0ES', 'e1WQv8smjt', '2017-02-13 22:08:01', '2017-02-13 22:08:01'),
(787, 'Ms. Mazie Halvorson', 'hkrajcik@example.org', '$2y$10$uERQ9g9okffZm8xMkAW6HuPKB/O5G1./m7eHkHFJ2PUGdHgtXWzbS', '9sT9Z6UfdD', '2017-02-13 22:08:01', '2017-02-13 22:08:01'),
(788, 'Emmanuel Schneider', 'brussel@example.com', '$2y$10$Q1qKcfsQiKZj5wIkkkcNSu9qx5wKoR00sl0LWAWfS5PuRyKbNSXZi', 'Qmv5971T89', '2017-02-13 22:08:02', '2017-02-13 22:08:02');

--
-- Indexes for dumped tables
--

--
-- Indexes for table `kategoris`
--
ALTER TABLE `kategoris`
  ADD PRIMARY KEY (`id`);

--
-- Indexes for table `migrations`
--
ALTER TABLE `migrations`
  ADD PRIMARY KEY (`id`);

--
-- Indexes for table `orderlists`
--
ALTER TABLE `orderlists`
  ADD KEY `orderlists_produk_id_foreign` (`produk_id`),
  ADD KEY `orderlists_order_id_foreign` (`order_id`);

--
-- Indexes for table `orders`
--
ALTER TABLE `orders`
  ADD PRIMARY KEY (`id`),
  ADD KEY `orders_user_id_foreign` (`user_id`);

--
-- Indexes for table `password_resets`
--
ALTER TABLE `password_resets`
  ADD KEY `password_resets_email_index` (`email`),
  ADD KEY `password_resets_token_index` (`token`);

--
-- Indexes for table `produks`
--
ALTER TABLE `produks`
  ADD PRIMARY KEY (`id_produk`);

--
-- Indexes for table `profils`
--
ALTER TABLE `profils`
  ADD KEY `profils_user_id_foreign` (`user_id`);

--
-- Indexes for table `users`
--
ALTER TABLE `users`
  ADD PRIMARY KEY (`id`),
  ADD UNIQUE KEY `users_email_unique` (`email`);

--
-- AUTO_INCREMENT for dumped tables
--

--
-- AUTO_INCREMENT for table `kategoris`
--
ALTER TABLE `kategoris`
  MODIFY `id` int(10) UNSIGNED NOT NULL AUTO_INCREMENT;
--
-- AUTO_INCREMENT for table `migrations`
--
ALTER TABLE `migrations`
  MODIFY `id` int(10) UNSIGNED NOT NULL AUTO_INCREMENT, AUTO_INCREMENT=21;
--
-- AUTO_INCREMENT for table `orders`
--
ALTER TABLE `orders`
  MODIFY `id` int(10) UNSIGNED NOT NULL AUTO_INCREMENT, AUTO_INCREMENT=202;
--
-- AUTO_INCREMENT for table `produks`
--
ALTER TABLE `produks`
  MODIFY `id_produk` int(10) UNSIGNED NOT NULL AUTO_INCREMENT, AUTO_INCREMENT=398;
--
-- AUTO_INCREMENT for table `users`
--
ALTER TABLE `users`
  MODIFY `id` int(10) UNSIGNED NOT NULL AUTO_INCREMENT, AUTO_INCREMENT=789;
--
-- Constraints for dumped tables
--

--
-- Constraints for table `orderlists`
--
ALTER TABLE `orderlists`
  ADD CONSTRAINT `orderlists_order_id_foreign` FOREIGN KEY (`order_id`) REFERENCES `orders` (`id`),
  ADD CONSTRAINT `orderlists_produk_id_foreign` FOREIGN KEY (`produk_id`) REFERENCES `produks` (`id_produk`);

--
-- Constraints for table `orders`
--
ALTER TABLE `orders`
  ADD CONSTRAINT `orders_user_id_foreign` FOREIGN KEY (`user_id`) REFERENCES `users` (`id`);

/*!40101 SET CHARACTER_SET_CLIENT=@OLD_CHARACTER_SET_CLIENT */;
/*!40101 SET CHARACTER_SET_RESULTS=@OLD_CHARACTER_SET_RESULTS */;
/*!40101 SET COLLATION_CONNECTION=@OLD_COLLATION_CONNECTION */;
